car,track,frame,mode,draw,present,upscale,player,opponents,total
0,0,1,0,113432,31499,14309,32171,45588,144931
0,0,1,1,119621,31460,20223,32979,45120,151081
0,0,2,0,114551,31429,14314,31924,43767,145980
0,0,2,1,120325,31477,20239,31922,43843,151802
0,0,3,0,92155,31932,14340,31328,23435,124087
0,0,3,1,98387,31479,20236,31522,23470,129866
0,0,4,0,146277,31480,14312,35242,46674,177757
0,0,4,1,123448,31471,20231,35205,46661,154919
0,0,5,0,126452,31898,14326,32450,45812,158350
0,0,5,1,132144,31505,20245,32627,45340,163649
0,0,6,0,116882,31466,14338,32371,45605,148348
0,0,6,1,122716,31492,20246,32409,45681,154208
0,0,7,0,95719,31984,14331,35170,24137,127703
0,0,7,1,101977,31493,20251,35463,24141,133470
0,0,8,0,157096,31507,14341,38012,52662,188603
0,0,8,1,134154,31465,20239,37993,52607,165619
0,0,9,0,123807,31480,14351,36572,50082,155287
0,0,9,1,130031,31455,20870,36132,50031,161486
0,0,10,0,125750,31470,14371,38172,52233,157220
0,0,10,1,131578,31474,20243,38205,52275,163052
0,0,11,0,110806,31466,14325,38505,24606,142272
0,0,11,1,116263,31427,20237,38523,24562,147690
0,0,12,0,150301,31483,14306,34039,47329,181784
0,0,12,1,127411,31471,20240,34044,47272,158882
0,1,1,0,129802,31459,14342,37479,50651,161261
0,1,1,1,135368,31495,20243,37551,50596,166863
0,1,2,0,109577,31500,14344,29147,38170,141077
0,1,2,1,138446,31467,20249,27979,38043,169913
0,1,3,0,97114,31457,14320,35794,24220,128571
0,1,3,1,102993,31472,20240,35747,24291,134465
0,1,4,0,129248,31492,14318,39205,54052,160740
0,1,4,1,134988,31483,20245,39237,54056,166471
0,1,5,0,131396,31463,14311,37794,50821,162859
0,1,5,1,137285,31716,20233,37694,50842,169001
0,1,6,0,109788,31493,14320,28171,39172,141281
0,1,6,1,138582,31454,20223,28041,38030,170036
0,1,7,0,96685,31419,14295,35796,24212,128104
0,1,7,1,103024,31469,20232,35804,24249,134493
0,1,8,0,129186,31473,14361,39225,54009,160659
0,1,8,1,134979,31451,20237,39251,54019,166430
0,1,9,0,130645,31492,14331,37703,51288,162137
0,1,9,1,136459,31463,20234,37698,51057,167922
0,1,10,0,109717,31472,14339,28176,39126,141189
0,1,10,1,138577,31439,20235,28052,38058,170016
0,1,11,0,97913,32134,14350,35794,24281,130047
0,1,11,1,104346,31459,20483,35912,24270,135805
0,1,12,0,136975,31473,14362,42261,56742,168448
0,1,12,1,142755,31467,20248,42298,56747,174222
1,0,1,0,120468,31505,14287,32741,51024,151973
1,0,1,1,149277,31444,20244,32585,50864,180721
1,0,2,0,120496,31432,14342,32339,49258,151928
1,0,2,1,126249,31475,20236,32328,49290,157724
1,0,3,0,93718,31455,14342,31898,24525,125173
1,0,3,1,99456,31470,20243,31630,24480,130926
1,0,4,0,124454,31489,14327,35608,52540,155943
1,0,4,1,130974,31462,20229,35682,53742,162436
1,0,5,0,133544,31508,14372,32918,51426,165052
1,0,5,1,162694,31473,20250,32885,51127,194167
1,0,6,0,123340,31483,14325,32737,51721,154823
1,0,6,1,129189,31502,20247,32808,51748,160691
1,0,7,0,97189,31482,14318,35603,25281,128671
1,0,7,1,103203,31467,20250,35554,25227,134670
1,0,8,0,135909,31480,14308,38394,59820,167389
1,0,8,1,143082,31485,20263,38633,60936,174567
1,0,9,0,131366,32000,14340,36325,56746,163366
1,0,9,1,160928,31462,20208,36417,56822,192390
1,0,10,0,133362,31485,14304,38587,59424,164847
1,0,10,1,139188,31491,20226,38614,59468,170679
1,0,11,0,112416,31458,14831,39153,25660,143874
1,0,11,1,118031,31481,20242,38944,25651,149512
1,0,12,0,129618,31475,14325,35598,53840,161093
1,0,12,1,134066,31461,20273,34420,53611,165527
1,1,1,0,136761,31461,14333,37923,57316,168222
1,1,1,1,142517,31478,20214,37950,57366,173995
1,1,2,0,113392,31471,14302,28423,42765,144863
1,1,2,1,120541,31465,20277,28618,43826,152006
1,1,3,0,98392,31468,14320,36207,25280,129860
1,1,3,1,128794,31498,20209,36235,25335,160292
1,1,4,0,137129,31504,14324,39570,61579,168633
1,1,4,1,142837,31469,20230,39567,61565,174306
1,1,5,0,139042,31464,14330,38776,57574,170506
1,1,5,1,144822,31460,20243,38383,57554,176282
1,1,6,0,114822,31467,14324,28419,43909,146289
1,1,6,1,119297,31489,20259,28388,42728,150786
1,1,7,0,98759,31468,14377,36368,25741,130227
1,1,7,1,128594,31464,20225,36247,25307,160058
1,1,8,0,137110,31438,14362,39560,61512,168548
1,1,8,1,142804,31540,20229,39579,61554,174344
1,1,9,0,137370,31480,14310,38103,57514,168850
1,1,9,1,143301,31873,20221,38139,57529,175174
1,1,10,0,114922,31477,14310,28642,43922,146399
1,1,10,1,119305,31445,20252,28402,42752,150750
1,1,11,0,99321,31471,14295,36227,25293,130792
1,1,11,1,130256,31466,20229,36232,25855,161722
1,1,12,0,145236,31463,14320,42671,64592,176699
1,1,12,1,150974,31472,20265,42663,64588,182446
2,0,1,0,117474,31465,14306,31952,49650,148939
2,0,1,1,123183,31495,20239,32250,49403,154678
2,0,2,0,119587,31495,14343,31586,48158,151082
2,0,2,1,124452,31461,20229,31642,48125,155913
2,0,3,0,96140,31459,14362,31002,27743,127599
2,0,3,1,102017,31440,20216,31167,27472,133457
2,0,4,0,122052,31465,14320,35170,51123,153517
2,0,4,1,129307,31459,20214,36365,51406,160766
2,0,5,0,130386,31473,14311,32661,49667,161859
2,0,5,1,136322,31489,20505,32296,49544,167811
2,0,6,0,122095,31490,14343,32170,49896,153585
2,0,6,1,126994,31473,20238,32282,49873,158467
2,0,7,0,100185,31470,14310,35231,28654,131655
2,0,7,1,105501,31480,20238,35060,28132,136981
2,0,8,0,132859,31491,14360,37885,57301,164350
2,0,8,1,140005,31467,20257,38168,58349,171472
2,0,9,0,127668,31506,14305,35924,54485,159174
2,0,9,1,133602,31476,20220,35904,54506,165078
2,0,10,0,131554,31516,14315,38126,57007,163070
2,0,10,1,136314,31480,20218,38111,57019,167794
2,0,11,0,113999,31435,14344,38396,28468,145434
2,0,11,1,120855,31455,20621,38783,28523,152310
2,0,12,0,126950,31504,14320,34963,51825,158454
2,0,12,1,131477,31701,20258,33870,51619,163178
2,1,1,0,134601,31505,14863,37534,55101,166106
2,1,1,1,140001,31480,20223,37335,55191,171481
2,1,2,0,111884,31484,14326,27525,42054,143368
2,1,2,1,118972,31482,20279,27753,43130,150454
2,1,3,0,101387,31475,14374,35775,28680,132862
2,1,3,1,106820,31454,20240,35646,28167,138274
2,1,4,0,133954,31493,14303,39187,58820,165447
2,1,4,1,168215,31460,20229,39243,58797,199675
2,1,5,0,135768,31490,14335,37541,55391,167258
2,1,5,1,141684,32166,20215,37543,55332,173850
2,1,6,0,111977,31465,14336,27543,42071,143442
2,1,6,1,119179,31486,20285,27753,43183,150665
2,1,7,0,100457,31407,14296,35636,28176,131864
2,1,7,1,107116,31461,20230,35665,28696,138577
2,1,8,0,133893,31527,14311,39182,58806,165420
2,1,8,1,168126,31465,20219,39253,58796,199591
2,1,9,0,134422,31478,14308,37479,55255,165900
2,1,9,1,141245,31491,20727,37700,55324,172736
2,1,10,0,111987,31471,14332,27546,42087,143458
2,1,10,1,119353,31492,20282,27761,43432,150845
2,1,11,0,101679,31474,14348,35622,28232,133153
2,1,11,1,108156,31469,20227,35657,28132,139625
2,1,12,0,141333,31470,14353,41618,61762,172803
2,1,12,1,176212,31491,20231,41699,62112,207703
3,0,1,0,118819,31464,14356,38205,44646,150283
3,0,1,1,124446,31478,20214,38254,44747,155924
3,0,2,0,120249,31473,14307,37867,43625,151722
3,0,2,1,126140,31499,20251,37947,43603,157639
3,0,3,0,97428,31464,14322,37168,22862,128892
3,0,3,1,103400,31933,20241,37194,22831,135333
3,0,4,0,123819,31480,14310,41481,46492,155299
3,0,4,1,129601,31489,20215,41515,46584,161090
3,0,5,0,131734,31488,14348,38480,44949,163222
3,0,5,1,137662,31995,20258,38431,45025,169657
3,0,6,0,122288,31476,14352,38282,45014,153764
3,0,6,1,128144,31481,20252,38376,45106,159625
3,0,7,0,101631,31456,14331,41662,23636,133087
3,0,7,1,108345,31465,20727,41898,23649,139810
3,0,8,0,135145,31466,14341,45061,52427,166611
3,0,8,1,141025,31723,20217,45134,52470,172748
3,0,9,0,129428,31467,14334,42683,49594,160895
3,0,9,1,136145,31498,20224,42868,50056,167643
3,0,10,0,132852,31462,14314,45360,52089,164314
3,0,10,1,138972,31462,20450,45455,52178,170434
3,0,11,0,116526,31477,14367,45470,23960,148003
3,0,11,1,122569,31457,20230,45473,24025,154026
3,0,12,0,127171,31712,14365,40142,46804,158883
3,0,12,1,134486,31463,20231,41408,47066,165949
3,1,1,0,136288,31484,14350,44347,50400,167772
3,1,1,1,171424,31455,20234,45039,50472,202879
3,1,2,0,113274,31490,14324,33277,37752,144764
3,1,2,1,119392,31473,20253,33538,37810,150865
3,1,3,0,102947,31476,14321,42430,23621,134423
3,1,3,1,109086,31460,20236,42464,23582,140546
3,1,4,0,136511,31472,14333,46484,54034,167983
3,1,4,1,142602,31475,20238,46771,54085,174077
3,1,5,0,138133,31481,14317,44652,50694,169614
3,1,5,1,172819,31491,20210,44663,50735,204310
3,1,6,0,113378,31723,14315,33264,37790,145101
3,1,6,1,120707,31453,20241,34471,37954,152160
3,1,7,0,102667,31493,14341,42378,23638,134160
3,1,7,1,108742,31476,20224,42433,23662,140218
3,1,8,0,136469,31699,14352,46472,53994,168168
3,1,8,1,142241,31497,20235,46504,54041,173738
3,1,9,0,136938,31486,14353,44523,50628,168424
3,1,9,1,171668,31467,20224,44636,50630,203135
3,1,10,0,113352,31482,14327,33274,37745,144834
3,1,10,1,121054,31499,20286,33962,38971,152553
3,1,11,0,103928,31457,14337,42445,23607,135385
3,1,11,1,110024,31468,20229,42484,23628,141492
3,1,12,0,145267,31485,14327,50129,57216,176752
3,1,12,1,151351,31484,20243,50599,57015,182835
4,0,1,0,118000,31467,14295,32898,49486,149467
4,0,1,1,123968,31454,20215,32981,49429,155422
4,0,2,0,119592,31697,14328,32608,48166,151289
4,0,2,1,125400,31483,20218,32632,48202,156883
4,0,3,0,94181,31474,14350,32000,24811,125655
4,0,3,1,100265,31466,20254,32089,24767,131731
4,0,4,0,122940,31483,14339,35939,51138,154423
4,0,4,1,128727,31500,20232,36005,51131,160227
4,0,5,0,131013,31429,14372,33177,49621,162442
4,0,5,1,136975,31464,20262,33130,49646,168439
4,0,6,0,122728,31509,14332,33451,50346,154237
4,0,6,1,128205,31947,20243,33209,50317,160152
4,0,7,0,97898,31466,14340,36023,25569,129364
4,0,7,1,103915,31461,20243,35997,25560,135376
4,0,8,0,135157,31492,14359,39167,58299,166649
4,0,8,1,142288,31458,20235,38971,59283,173746
4,0,9,0,129215,31449,14341,36891,55139,160664
4,0,9,1,135185,31467,20242,36886,55101,166652
4,0,10,0,132181,31492,14346,39121,57701,163673
4,0,10,1,138765,31470,20735,39376,57659,170235
4,0,11,0,141452,31475,14345,39553,25920,172927
4,0,11,1,118627,31467,20256,39557,25960,150094
4,0,12,0,127054,32136,14292,34879,52012,159190
4,0,12,1,134469,31446,20295,35147,53073,165915
4,1,1,0,135649,31480,14341,38435,55758,167129
4,1,1,1,141562,31473,20206,38426,55825,173035
4,1,2,0,112971,31484,14289,28583,42162,144455
4,1,2,1,119374,31491,20258,29120,42231,150865
4,1,3,0,99174,31469,14328,36631,25628,130643
4,1,3,1,105286,31473,20239,36647,25607,136759
4,1,4,0,136190,31489,14574,40263,59765,167679
4,1,4,1,142159,31498,20236,40182,60243,173657
4,1,5,0,137463,31470,14366,38629,56074,168933
4,1,5,1,143489,31510,20227,38648,56137,174999
4,1,6,0,113102,31870,14297,28596,42185,144972
4,1,6,1,120302,31440,20244,28585,43292,151742
4,1,7,0,98856,31480,14320,36620,25627,130336
4,1,7,1,104996,31456,20247,36673,25570,136452
4,1,8,0,135794,31505,14335,40214,59710,167299
4,1,8,1,141976,31473,20241,40242,59712,173449
4,1,9,0,136361,31455,14322,38604,56121,167816
4,1,9,1,142367,31481,20255,38607,56075,173848
4,1,10,0,113788,31472,14477,28779,42459,145260
4,1,10,1,120152,31484,20264,28781,43239,151636
4,1,11,0,100111,31700,14332,36667,25627,131811
4,1,11,1,106232,31471,20217,36683,25661,137703
4,1,12,0,144505,31500,14294,43878,62744,176005
4,1,12,1,149672,31507,20228,43429,62534,181179
5,0,1,0,120457,31467,14296,32570,52242,151924
5,0,1,1,126333,31470,20222,32649,52216,157803
5,0,2,0,122220,31503,14333,32388,51018,153723
5,0,2,1,128614,31490,20203,32530,51005,160104
5,0,3,0,97299,31483,14323,31614,28375,128782
5,0,3,1,103344,31476,20214,31636,28321,134820
5,0,4,0,125632,31483,14350,35950,53846,157115
5,0,4,1,161290,31468,20242,36229,54313,192758
5,0,5,0,133450,31506,14366,32838,52480,164956
5,0,5,1,139553,31434,20249,32837,52469,170987
5,0,6,0,125031,31472,14331,32598,53426,156503
5,0,6,1,130201,31500,20262,32626,52937,161701
5,0,7,0,100966,31427,14326,35489,29107,132393
5,0,7,1,106973,31459,20232,35528,29086,138432
5,0,8,0,137300,31485,14363,38759,60820,168785
5,0,8,1,182396,31440,20228,38852,61461,213836
5,0,9,0,131482,31452,14592,36425,57642,162934
5,0,9,1,137155,31488,20214,36354,57584,168643
5,0,10,0,134314,31471,14310,38970,60028,165785
5,0,10,1,140147,31483,20218,38989,60023,171630
5,0,11,0,115415,31460,14310,38789,29522,146875
5,0,11,1,121439,31681,20232,38825,29467,153120
5,0,12,0,168832,31442,14343,34139,55836,200274
5,0,12,1,134921,31449,20261,34109,54709,166370
5,1,1,0,137798,31473,14362,38254,58063,169271
5,1,1,1,143253,31486,20217,37918,58157,174739
5,1,2,0,115274,31498,14358,28136,44846,146772
5,1,2,1,150884,31489,20272,28358,45936,182373
5,1,3,0,102613,31455,14351,36276,29055,134068
5,1,3,1,108423,31467,20234,36323,29100,139890
5,1,4,0,137918,31482,14367,39982,61924,169400
5,1,4,1,143652,31463,20216,40016,61996,175115
5,1,5,0,139215,31479,14324,38188,58328,170694
5,1,5,1,145564,31469,20246,38169,58543,177033
5,1,6,0,116706,31498,14312,29313,45025,148204
5,1,6,1,149649,31486,20246,28207,44780,181135
5,1,7,0,102099,31490,14348,36250,29151,133589
5,1,7,1,108534,31451,20239,36392,29342,139985
5,1,8,0,137855,31476,14340,39983,61929,169331
5,1,8,1,143606,31475,20250,40001,61938,175081
5,1,9,0,139242,31506,14312,38831,58856,170748
5,1,9,1,144312,31496,20209,38117,58319,175808
5,1,10,0,115343,31491,14324,28144,44806,146834
5,1,10,1,149682,31513,20240,28198,44828,181195
5,1,11,0,103845,31495,14340,36312,29160,135340
5,1,11,1,109390,31463,20222,36330,29199,140853
5,1,12,0,145362,31457,14355,42465,64851,176819
5,1,12,1,151058,31494,20265,42516,64847,182552
6,0,1,0,122727,32020,14325,39160,47822,154747
6,0,1,1,129179,31490,20471,39324,47876,160669
6,0,2,0,124371,31467,14364,38749,46711,155838
6,0,2,1,130120,31484,20240,38821,46742,161604
6,0,3,0,99595,32035,14315,38222,24115,131630
6,0,3,1,105733,31458,20244,38237,24031,137191
6,0,4,0,129017,31449,14346,43317,49850,160466
6,0,4,1,133378,31463,20225,42199,49602,164841
6,0,5,0,137061,31463,14887,39648,48114,168524
6,0,5,1,141754,31467,20251,39393,48167,173221
6,0,6,0,127015,31472,14332,39481,48591,158487
6,0,6,1,132878,31475,20239,39555,48604,164353
6,0,7,0,103611,31450,14368,42367,24726,135061
6,0,7,1,109512,31471,20224,42373,24736,140983
6,0,8,0,140590,31442,14375,45687,57147,172032
6,0,8,1,144979,31474,20217,45533,56001,176453
6,0,9,0,133780,31501,14370,43356,53238,165281
6,0,9,1,140513,31482,20221,43946,53411,171995
6,0,10,0,136678,31494,14340,45688,55674,168172
6,0,10,1,142871,31490,20485,45768,55726,174361
6,0,11,0,118224,31466,14359,45871,25231,149690
6,0,11,1,124288,31475,20242,45915,25222,155763
6,0,12,0,131842,31699,14298,41287,50351,163541
6,0,12,1,166511,31479,20221,41339,50438,197990
6,1,1,0,140134,31467,14318,44904,53775,171601
6,1,1,1,147292,31495,20205,45592,54460,178787
6,1,2,0,117387,31461,14349,34445,40632,148848
6,1,2,1,123540,31471,20233,34551,40979,155011
6,1,3,0,104847,31448,14359,43031,24883,136295
6,1,3,1,110950,31471,20227,43076,24922,142421
6,1,4,0,140467,31479,14299,46802,57718,171946
6,1,4,1,146463,31470,20246,46808,57672,177933
6,1,5,0,141834,31484,14332,45086,54040,173318
6,1,5,1,147908,31483,20232,45119,54061,179391
6,1,6,0,117869,31480,14380,34528,40878,149349
6,1,6,1,123318,31498,20241,34473,40692,154816
6,1,7,0,104585,31480,14341,43054,24911,136065
6,1,7,1,110669,31459,20230,43081,24907,142128
6,1,8,0,140785,31485,14350,46891,57944,172270
6,1,8,1,146683,31506,20229,46825,58239,178189
6,1,9,0,142082,31479,14367,46147,54272,173561
6,1,9,1,146801,31511,20236,45062,54054,178312
6,1,10,0,118070,31462,14310,34498,40662,149532
6,1,10,1,123502,31463,20258,34518,40645,154965
6,1,11,0,105836,31465,14335,43091,24902,137301
6,1,11,1,111948,31454,20242,43147,24835,143402
6,1,12,0,148633,32010,14307,50055,60626,180643
6,1,12,1,154597,31461,20268,50083,60616,186058
7,0,1,0,144664,31501,14324,35483,45050,176165
7,0,1,1,122028,31455,20240,35519,44985,153483
7,0,2,0,118067,31475,14315,35165,44121,149542
7,0,2,1,124286,31509,20228,35215,44541,155795
7,0,3,0,95403,31469,14328,34527,23565,126872
7,0,3,1,101407,31474,20243,34496,23552,132881
7,0,4,0,121639,31472,14568,38675,46877,153111
7,0,4,1,127034,31939,20219,38605,46915,158973
7,0,5,0,157855,31514,14319,35731,45360,189369
7,0,5,1,135181,31485,20255,35681,45307,166666
7,0,6,0,120167,31482,14292,35691,45601,151649
7,0,6,1,127232,31497,20254,36312,45702,158729
7,0,7,0,99174,31420,14365,38577,24195,130594
7,0,7,1,105157,31488,20251,38581,24260,136645
7,0,8,0,131722,31471,14327,41464,52578,163193
7,0,8,1,138183,31481,20209,42014,52736,169664
7,0,9,0,155169,31502,14361,39472,49889,186671
7,0,9,1,132536,31492,20249,39418,49901,164028
7,0,10,0,129269,31943,14341,41672,52218,161212
7,0,10,1,135235,31488,20233,41712,52235,166723
7,0,11,0,115194,31706,14374,43305,24779,146900
7,0,11,1,119924,31456,20257,42127,24675,151380
7,0,12,0,125430,31442,14336,37346,47805,156872
7,0,12,1,130654,31496,20241,37385,47312,162150
7,1,1,0,132880,31492,14347,40933,50532,164372
7,1,1,1,138831,31449,20240,40964,50583,170280
7,1,2,0,111681,31453,14351,30963,38336,143134
7,1,2,1,118621,31489,20237,31630,38427,150110
7,1,3,0,100380,31460,14352,39101,24281,131840
7,1,3,1,106450,31482,20248,39147,24375,137932
7,1,4,0,161449,31500,14325,42760,54163,192949
7,1,4,1,139398,31488,20244,43301,54217,170886
7,1,5,0,134882,31471,14355,41153,50928,166353
7,1,5,1,140933,31472,20221,41172,50967,172405
7,1,6,0,111761,31476,14298,31012,38369,143237
7,1,6,1,117713,31485,20223,31055,38368,149198
7,1,7,0,100114,31467,14319,39113,24383,131581
7,1,7,1,106228,31477,20225,39167,24327,137705
7,1,8,0,161361,31473,14313,42795,54153,192834
7,1,8,1,138732,31512,20241,42757,54146,170244
7,1,9,0,133903,31466,14313,41094,51230,165369
7,1,9,1,139723,31466,20241,41096,50941,171189
7,1,10,0,112405,31479,14331,31733,38391,143884
7,1,10,1,117540,31458,20256,31017,38339,148998
7,1,11,0,101632,31429,14343,39108,24626,133061
7,1,11,1,107410,31446,20235,39198,24311,138856
7,1,12,0,171084,31495,14328,46589,57685,202579
7,1,12,1,146820,31505,20245,45991,56994,178325
