car,track,variant,raster_pct,n,draw_us,present_us,p95_us,max_us,player_us,opponents_us,road_us
0,0,0,100,12,122580,31506,173474,173474,36614,44266,17011
0,0,1,90,12,123503,31510,169482,169482,38895,44191,16448
0,0,2,85,12,122899,31552,168912,168912,38187,44267,16441
0,0,3,100,12,120280,31569,177281,177281,35901,43999,16469
0,0,4,90,12,121708,31474,169415,169415,38462,44069,15895
0,0,5,85,12,122140,31475,167991,167991,37777,44117,16425
0,1,0,100,12,122399,31472,184558,184558,37539,44158,16740
0,1,1,90,12,125034,31528,185338,185338,39878,44319,16751
0,1,2,85,12,123924,31559,188473,188473,38871,44293,16749
0,1,3,100,12,120667,31492,184335,184335,37046,44072,16197
0,1,4,90,12,124452,31524,184637,184637,39387,44126,16745
0,1,5,85,12,124656,31527,186467,186467,38398,44156,17327
1,0,0,100,12,126599,31469,174833,174833,37014,49275,16427
1,0,1,90,12,129216,31476,177342,177342,39470,49453,16431
1,0,2,85,12,128541,31458,185265,185265,38779,49436,16439
1,0,3,100,12,126296,31505,174203,174203,36670,49238,16436
1,0,4,90,12,130247,31471,192726,192726,39087,49370,17052
1,0,5,85,12,126874,31524,177198,177198,38349,49251,15893
1,1,0,100,12,127449,31480,200004,200004,38003,49420,16739
1,1,1,90,12,133408,31483,207551,207551,40626,49572,17328
1,1,2,85,12,128699,31592,193712,193712,39519,49553,16177
1,1,3,100,12,129491,31471,193850,193850,37480,49270,17314
1,1,4,90,12,129209,31486,193827,193827,39944,49203,16775
1,1,5,85,12,130337,31480,192663,192663,39020,49199,16734
2,0,0,100,12,125179,31562,171361,171361,36437,48605,17003
2,0,1,90,12,128529,31521,173905,173905,38620,48745,15873
2,0,2,85,12,127568,31506,174622,174622,37871,48830,17616
2,0,3,100,12,125379,31468,177999,177999,35678,48521,15850
2,0,4,90,12,126338,31466,172766,172766,37983,48765,16430
2,0,5,85,12,125710,31472,172081,172081,37136,48552,15851
2,1,0,100,12,127013,31571,194498,194498,37222,48618,16825
2,1,1,90,12,127688,31514,189495,189495,39469,48726,16165
2,1,2,85,12,129830,31483,196418,196418,38346,48678,17359
2,1,3,100,12,125971,31479,186924,186924,36329,48500,16780
2,1,4,90,12,128423,31472,195344,195344,38789,48553,16733
2,1,5,85,12,128653,31490,217767,217767,37863,48773,16735
3,0,0,100,12,127169,31503,175724,175724,43526,43859,15851
3,0,1,90,12,133824,31473,196345,196345,45859,43850,17635
3,0,2,85,12,128029,31467,175006,175006,44681,43739,16433
3,0,3,100,12,126829,31469,172416,172416,42627,43613,16428
3,0,4,90,12,128948,31470,175201,175201,45196,43712,15857
3,0,5,85,12,128433,31585,177883,177883,44390,43739,17013
3,1,0,100,12,127650,31478,192953,192953,44396,43836,16154
3,1,1,90,12,133335,31472,193600,193600,46733,43899,17310
3,1,2,85,12,129091,31472,192045,192045,45642,44011,16158
3,1,3,100,12,128674,31542,191418,191418,43770,43833,16730
3,1,4,90,12,129820,31520,192761,192761,46419,43854,16257
3,1,5,85,12,130813,31479,193328,193328,45581,44093,16790
4,0,0,100,12,128301,31513,183682,183682,37665,48283,17022
4,0,1,90,12,127004,31486,175706,175706,39842,48185,15841
4,0,2,85,12,128114,31541,177665,177665,39075,48329,16434
4,0,3,100,12,124057,31470,172590,172590,36963,48117,15848
4,0,4,90,12,129972,31513,188813,188813,39459,48240,17000
4,0,5,85,12,127127,31473,174394,174394,38667,48152,16465
4,1,0,100,12,126242,31480,191153,191153,38475,48342,16160
4,1,1,90,12,131964,31507,192682,192682,40818,48411,17312
4,1,2,85,12,127988,31464,192719,192719,39819,48528,16197
4,1,3,100,12,128686,31460,206897,206897,37889,48319,17320
4,1,4,90,12,129671,31478,191907,191907,40308,48265,16781
4,1,5,85,12,130801,31467,197754,197754,39493,48546,17325
5,0,0,100,12,127613,31514,176324,176324,37159,51302,15905
5,0,1,90,12,130592,31549,176781,176781,39114,51128,16476
5,0,2,85,12,128553,31517,176566,176566,38192,51116,15936
5,0,3,100,12,128471,31467,174485,174485,35841,50989,17006
5,0,4,90,12,128259,31475,175662,175662,38041,50998,15858
5,0,5,85,12,130135,31499,185700,185700,37280,51169,17006
5,1,0,100,12,131129,31474,194117,194117,37866,51044,17362
5,1,1,90,12,131600,31471,192692,192692,39840,51021,16748
5,1,2,85,12,130847,31469,191350,191350,38995,51088,16761
5,1,3,100,12,127166,31539,189814,189814,36742,50886,16157
5,1,4,90,12,132533,31499,196902,196902,39030,51313,17325
5,1,5,85,12,128885,31516,191767,191767,38025,51156,16197
6,0,0,100,12,131022,31513,178275,178275,43886,46760,16436
6,0,1,90,12,134409,31479,182095,182095,46885,46899,16457
6,0,2,85,12,134528,31687,189842,189842,45930,46956,17027
6,0,3,100,12,133177,31609,193221,193221,43300,46880,17645
6,0,4,90,12,132057,31471,180113,180113,46191,46782,15852
6,0,5,85,12,130995,31476,179373,179373,45263,46683,15856
6,1,0,100,12,134069,31473,197394,197394,44953,46859,17329
6,1,1,90,12,136748,31478,199785,199785,47728,46852,17314
6,1,2,85,12,135782,31492,196946,196946,46742,46948,17342
6,1,3,100,12,130150,31469,194776,194776,44002,46635,16164
6,1,4,90,12,133582,31519,197668,197668,47107,46945,16148
6,1,5,85,12,133143,31480,195866,195866,46352,47229,16163
7,0,0,100,12,125256,31490,171901,171901,40270,44351,16427
7,0,1,90,12,127299,31520,173608,173608,42616,44349,16428
7,0,2,85,12,126597,31508,182227,182227,41785,44349,16491
7,0,3,100,12,124352,31558,170456,170456,39813,44208,16438
7,0,4,90,12,128346,31469,189149,189149,42359,44277,17023
7,0,5,85,12,125195,31498,173371,173371,41496,44379,15889
7,1,0,100,12,129055,31493,196224,196224,41022,44519,17314
7,1,1,90,12,127422,31560,191384,191384,43580,44405,16154
7,1,2,85,12,129762,31552,208914,208914,42574,44381,17388
7,1,3,100,12,125534,31516,187801,187801,40748,44265,16159
7,1,4,90,12,128777,31515,190226,190226,43252,44405,16732
7,1,5,85,12,126206,31493,188227,188227,42280,44441,16190
