car,track,frame,mode,draw,present,road,faces,upscale,player,opponents,total
0,0,1,0,117807,31446,12762,68,20232,31728,44328,149253
0,0,1,1,117926,31444,12835,68,20225,31752,44227,149370
0,0,2,0,119540,31506,15776,118,20221,31509,43121,151046
0,0,2,1,119353,31474,15777,118,20224,31428,43219,150827
0,0,3,0,97926,31977,14264,95,20239,31276,23247,129903
0,0,3,1,97935,31425,14232,95,20437,30937,23246,129360
0,0,4,0,121945,31486,12719,46,20229,34423,45670,153431
0,0,4,1,121776,31472,12678,46,20233,34393,45650,153248
0,0,5,0,160726,31481,32424,312,20301,32104,45525,192207
0,0,5,1,130870,31488,25207,312,20251,31922,44556,162358
0,0,6,0,122393,31457,15810,138,20238,31857,44935,153850
0,0,6,1,121584,31471,15796,138,20219,31848,44930,153055
0,0,7,0,100691,31483,13210,68,20235,34449,23855,132174
0,0,7,1,100946,31457,13269,68,20229,34553,23792,132403
0,0,8,0,132943,31456,14590,111,20221,37370,51826,164399
0,0,8,1,133024,31484,14577,111,20229,37407,52040,164508
0,0,9,0,127846,31463,14200,95,20216,35354,49172,159309
0,0,9,1,128595,31454,14582,95,20238,35436,49296,160049
0,0,10,0,130412,31503,12231,42,20202,37533,51481,161915
0,0,10,1,130239,31461,12215,42,20216,37534,51403,161700
0,0,11,0,116268,31473,24078,370,20239,38167,24706,147741
0,0,11,1,146069,31437,31239,370,20275,38148,25599,177506
0,0,12,0,126464,31478,17149,194,20243,33548,46552,157942
0,0,12,1,126258,31481,17133,194,20250,33497,46595,157739
0,1,1,0,134193,31477,18362,196,20239,36954,49777,165670
0,1,1,1,135357,31489,18482,196,20238,37079,50250,166846
0,1,2,0,113292,31478,19051,123,20243,27531,37470,144770
0,1,2,1,113109,31475,19017,123,20259,27497,37430,144584
0,1,3,0,102691,31450,13692,61,20213,35129,24570,134141
0,1,3,1,102589,31461,13681,61,20441,35296,23956,134050
0,1,4,0,133681,31489,12640,62,20237,38562,53162,165170
0,1,4,1,133459,31479,12618,62,20243,38542,53139,164938
0,1,5,0,166301,31514,26685,244,20262,37315,51365,197815
0,1,5,1,136051,31480,19612,244,20224,37130,50020,167531
0,1,6,0,114142,31470,19132,123,20256,27515,38127,145612
0,1,6,1,113256,31471,19135,123,20254,27489,37447,144727
0,1,7,0,101735,31454,13447,61,20229,35134,23939,133189
0,1,7,1,101969,31485,13435,61,20246,35180,23937,133454
0,1,8,0,133595,31468,12571,62,20233,38581,53118,165063
0,1,8,1,133468,31482,12574,62,20235,38535,53106,164950
0,1,9,0,134748,31493,18507,196,20236,37058,49973,166241
0,1,9,1,135450,31474,18542,196,20260,37088,49930,166924
0,1,10,0,113434,31467,19086,123,20248,27585,37410,144901
0,1,10,1,113165,31493,19017,123,20254,27538,37438,144658
0,1,11,0,103907,31469,14626,93,20251,35934,23969,135376
0,1,11,1,133280,31488,21739,93,20277,35443,25250,164768
0,1,12,0,141442,31459,14641,110,20261,41586,55806,172901
0,1,12,1,141226,31492,14632,110,20259,41538,55835,172718
0,2,1,0,134265,31483,15708,83,20243,37223,52424,165748
0,2,1,1,131605,31461,12219,83,20876,37455,52450,163066
0,2,2,0,150642,31466,27488,330,20251,38682,55394,182108
0,2,2,1,146681,31488,23788,330,20241,38664,55365,178169
0,2,3,0,107549,31421,19078,129,20239,35410,24058,138970
0,2,3,1,102871,31454,15116,129,20223,34758,24011,134325
0,2,4,0,142623,31484,14375,139,20232,40775,58512,174107
0,2,4,1,139515,31468,11380,139,20234,40739,58514,170983
0,2,5,0,148840,31460,15996,64,20212,34532,47801,180300
0,2,5,1,123472,31501,11226,64,20222,35433,47902,154973
0,2,6,0,136675,31470,31040,541,20733,31275,44963,168145
0,2,6,1,134007,31472,29205,541,20229,31049,44899,165479
0,2,7,0,104721,31453,21932,217,20242,30605,23151,136174
0,2,7,1,100516,31442,17687,217,20256,30603,23114,131958
0,2,8,0,120677,31477,14037,89,20238,32516,45197,152154
0,2,8,1,117094,31458,10792,89,20229,32456,45019,148552
0,2,9,0,111507,31457,16036,108,20208,28038,38687,142964
0,2,9,1,108190,31498,12687,108,20214,28036,38581,139688
0,2,10,0,121282,31473,16387,108,20215,31664,44236,152755
0,2,10,1,118822,31480,12741,108,20238,32758,44522,150302
0,2,11,0,122522,31414,34859,540,20267,34188,24321,153936
0,2,11,1,143248,31441,34847,540,20271,33913,23825,174689
0,2,12,0,130027,31486,17644,127,20244,34933,48463,161513
0,2,12,1,126029,31465,13832,127,20247,34876,48479,157494
1,0,1,0,124059,31434,12771,68,20223,32131,50100,155493
1,0,1,1,125011,31437,12782,68,20222,32357,50765,156448
1,0,2,0,125358,31506,15797,118,20219,31929,48547,156864
1,0,2,1,126437,31427,15743,118,20227,31901,49654,157864
1,0,3,0,121171,31443,15315,95,20206,31214,24156,152614
1,0,3,1,99280,31454,14244,95,20238,31303,24442,130734
1,0,4,0,128256,31475,12712,46,20213,34847,51563,159731
1,0,4,1,128046,31472,12682,46,20226,34817,51502,159518
1,0,5,0,138476,31483,26367,312,20248,32302,50686,169959
1,0,5,1,137126,31482,25260,312,20247,32408,50303,168608
1,0,6,0,128859,31486,15818,138,20241,32261,51008,160345
1,0,6,1,128001,31507,15824,138,20234,32274,50899,159508
1,0,7,0,102207,31451,13198,68,20227,34991,24860,133658
1,0,7,1,102396,31459,13263,68,20209,35043,24876,133855
1,0,8,0,141922,31716,14563,111,20231,39048,59125,173638
1,0,8,1,140416,31455,14551,111,20212,37831,58953,171871
1,0,9,0,135056,31501,14231,95,20237,35799,55866,166557
1,0,9,1,157862,31489,15296,95,20231,35794,55890,189351
1,0,10,0,137956,31479,12255,42,20218,38014,58486,169435
1,0,10,1,137815,31678,12246,42,20220,37943,58534,169493
1,0,11,0,117075,31446,24103,370,20230,38377,25292,148521
1,0,11,1,118348,31458,25185,370,20240,38381,25367,149806
1,0,12,0,133015,31490,17132,194,20250,33870,52842,164505
1,0,12,1,132906,31475,17145,194,20233,33893,52838,164381
1,1,1,0,141444,31469,18377,196,20223,37364,56446,172913
1,1,1,1,164243,31483,19440,196,20223,37401,56450,195726
1,1,2,0,118443,31482,19052,123,20231,28034,42088,149925
1,1,2,1,118205,31699,19020,123,20232,27982,42083,149904
1,1,3,0,105103,31449,15274,61,20228,35580,24952,136552
1,1,3,1,103650,31446,13701,61,20235,35637,24910,135096
1,1,4,0,141476,31476,12636,62,20225,38923,60489,172952
1,1,4,1,141216,31502,12607,62,20210,38883,60557,172718
1,1,5,0,143048,31482,19626,244,20237,37574,56684,174530
1,1,5,1,144328,31475,19580,244,20224,37642,57770,175803
1,1,6,0,119112,31505,19695,123,20235,27953,42091,150617
1,1,6,1,140973,31479,20238,123,20252,27985,42092,172452
1,1,7,0,103272,31442,13412,61,20226,35630,24907,134714
1,1,7,1,103424,31455,13407,61,20230,35678,24891,134879
1,1,8,0,141754,31472,12573,62,20445,39003,60555,173226
1,1,8,1,141744,31487,12587,62,20240,39348,60644,173231
1,1,9,0,141764,31526,18500,196,20215,37525,56555,173290
1,1,9,1,143297,31461,19637,196,20225,37479,56633,174758
1,1,10,0,118508,31440,19085,123,20243,28041,42059,149948
1,1,10,1,119922,31476,19062,123,20293,28216,43423,151398
1,1,11,0,104410,31462,14620,93,20241,35625,24941,135872
1,1,11,1,105159,31454,14630,93,20231,36118,25043,136613
1,1,12,0,172343,31442,15753,110,20273,41960,63555,203785
1,1,12,1,149489,31485,14645,110,20252,41965,63571,180974
1,2,1,0,143094,31463,16869,83,20215,37565,59770,174557
1,2,1,1,138372,31469,12220,83,20245,37581,59708,169841
1,2,2,0,157363,31470,26440,330,20290,39076,62831,188833
1,2,2,1,156330,31474,23799,330,20302,39339,64218,187804
1,2,3,0,108335,31465,19087,129,20236,35192,25054,139800
1,2,3,1,105174,31474,15093,129,20729,35444,25117,136648
1,2,4,0,175637,31445,15368,139,20220,40969,68536,207082
1,2,4,1,149703,31499,11384,139,20238,40999,68477,181202
1,2,5,0,133433,31434,14901,64,20236,35271,54374,164867
1,2,5,1,129352,31480,11254,64,20229,34766,54171,160832
1,2,6,0,142230,31462,31046,541,20255,31523,50760,173692
1,2,6,1,141529,31469,30325,541,20239,31487,50804,172998
1,2,7,0,106730,31452,20802,217,20240,32362,24531,138182
1,2,7,1,101980,31465,17660,217,20262,31070,24150,133445
1,2,8,0,127621,31470,14002,89,20228,32992,51668,159091
1,2,8,1,123753,31458,10798,89,20226,32963,51126,155211
1,2,9,0,139759,31492,17086,108,20207,28468,43760,171251
1,2,9,1,113760,31492,12688,108,20241,28469,43653,145252
1,2,10,0,127945,31495,16382,108,20238,32033,50599,159440
1,2,10,1,123976,31458,12774,108,20231,32076,50347,155434
1,2,11,0,123082,31446,34837,540,20266,34333,24862,154528
1,2,11,1,121832,31444,33525,540,20263,34354,24856,153276
1,2,12,0,137926,31484,18819,127,20209,35171,54912,169410
1,2,12,1,132770,31705,13816,127,20241,35164,54908,164475
2,0,1,0,121849,31492,12762,68,20228,31539,48538,153341
2,0,1,1,121939,31485,12784,68,20230,31572,48512,153424
2,0,2,0,146525,31456,16848,118,20200,31212,47427,177981
2,0,2,1,123467,31498,15774,118,20220,31209,47369,154965
2,0,3,0,100905,31419,14248,95,20222,30625,26805,132324
2,0,3,1,101107,31459,14276,95,20212,30665,26899,132566
2,0,4,0,126444,31463,12681,46,20224,34401,50121,157907
2,0,4,1,127429,31481,13792,46,20211,34428,50128,158910
2,0,5,0,136577,31460,25177,312,20764,31952,49820,168037
2,0,5,1,135184,31476,25447,312,20238,31717,48788,166660
2,0,6,0,125949,31477,15856,138,20235,31785,49148,157426
2,0,6,1,125743,31466,15810,138,20246,31749,49113,157209
2,0,7,0,127350,31460,14320,68,20222,34743,27782,158810
2,0,7,1,104759,31455,13267,68,20208,34477,27776,136214
2,0,8,0,137971,31452,14594,111,20211,37383,56780,169423
2,0,8,1,137291,31465,14535,111,20233,37349,56348,168756
2,0,9,0,132197,31479,14147,95,20236,35365,53575,163676
2,0,9,1,132475,31437,14206,95,20227,35424,53594,163912
2,0,10,0,136497,31463,13343,42,20245,37781,56098,167960
2,0,10,1,136655,31437,12270,42,20239,37526,57648,168092
2,0,11,0,119256,31468,24088,370,20270,37842,28133,150724
2,0,11,1,119422,31452,24114,370,20241,37890,28092,150874
2,0,12,0,130560,31479,17151,194,20253,33325,50857,162039
2,0,12,1,130664,31522,17149,194,20241,33304,51094,162186
2,1,1,0,138607,31461,18366,196,20220,36768,54316,170068
2,1,1,1,138568,31469,18353,196,20240,36768,54313,170037
2,1,2,0,118516,31478,20163,123,20440,27250,41430,149994
2,1,2,1,116760,32020,19033,123,20238,27102,41455,148780
2,1,3,0,105821,31466,13701,61,20226,35011,27835,137287
2,1,3,1,107421,31461,13696,61,20263,35218,29003,138882
2,1,4,0,138312,31508,12639,62,20220,38581,57767,169820
2,1,4,1,138135,31695,12622,62,20229,38547,57790,169830
2,1,5,0,163217,31496,20678,244,20232,36906,54511,194713
2,1,5,1,140409,31475,19588,244,20213,37008,54462,171884
2,1,6,0,117022,31474,19158,123,20220,27164,41449,148496
2,1,6,1,116926,31473,19146,123,20250,27150,41466,148399
2,1,7,0,106825,31452,14534,61,20206,35042,27775,138277
2,1,7,1,105747,31446,13433,61,20237,35067,27779,137193
2,1,8,0,139072,31493,12604,62,20756,38786,57772,170565
2,1,8,1,139557,31478,12581,62,20268,38781,58865,171035
2,1,9,0,138992,31490,18520,196,20223,36934,54421,170482
2,1,9,1,139209,31499,18508,196,20233,36870,54513,170708
2,1,10,0,117065,31472,19088,123,20227,27173,41461,148537
2,1,10,1,117506,31481,19079,123,20237,27700,41604,148987
2,1,11,0,106878,31483,14625,93,20240,35054,27821,138361
2,1,11,1,129398,31481,15652,93,20234,35028,27909,160879
2,1,12,0,145708,31524,14699,110,20264,40972,60748,177232
2,1,12,1,145949,31473,14630,110,20484,41095,60731,177422
2,2,1,0,138962,31492,15743,83,20216,37294,57101,170454
2,2,1,1,135380,31453,12208,83,20231,37254,57092,166833
2,2,2,0,154599,31494,26667,330,20267,38836,60119,186093
2,2,2,1,152226,31498,23806,330,20257,39373,60208,183724
2,2,3,0,110722,31458,19057,129,20244,34633,27953,142180
2,2,3,1,129330,31455,16148,129,20227,34631,27962,160785
2,2,4,0,149061,31513,14356,139,20222,41093,64823,180574
2,2,4,1,146385,31456,11369,139,20240,41122,65066,177841
2,2,5,0,131449,31454,14891,64,20197,35252,52401,162903
2,2,5,1,128294,31479,12341,64,20210,34705,52289,159773
2,2,6,0,140062,31470,31071,541,20248,30965,49151,171532
2,2,6,1,138127,31505,29213,541,20252,30953,49152,169632
2,2,7,0,107350,31698,20789,217,20254,30395,26885,139048
2,2,7,1,104227,31438,17723,217,20245,30368,26880,135665
2,2,8,0,124540,31476,14053,89,20221,32356,49240,156016
2,2,8,1,143838,31477,11895,89,20222,32329,49270,175315
2,2,9,0,115276,31478,16016,108,20225,27555,42911,146754
2,2,9,1,111702,31472,12676,108,20236,27564,42552,143174
2,2,10,0,125286,31483,16350,108,20218,31444,48534,156769
2,2,10,1,122884,31471,13929,108,20236,31440,48553,154355
2,2,11,0,125333,31441,34843,540,20250,33749,27738,156774
2,2,11,1,125548,31462,33524,540,20270,34032,28778,157010
2,2,12,0,134421,31690,17688,127,20226,34639,53052,166111
2,2,12,1,130402,31508,13841,127,20241,34646,53023,161910
3,0,1,0,123868,31465,12854,68,20231,37747,44185,155333
3,0,1,1,146050,31499,13864,68,20224,37751,44026,177549
3,0,2,0,125204,31475,15788,118,20207,37415,42899,156679
3,0,2,1,126363,31503,16947,118,20219,37374,42933,157866
3,0,3,0,102626,31455,14256,95,20223,36718,22505,134081
3,0,3,1,104131,31458,14262,95,20228,37937,22669,135589
3,0,4,0,128042,31466,12706,46,20222,40650,45534,159508
3,0,4,1,128151,31501,12717,46,20234,40627,45509,159652
3,0,5,0,136419,31477,25172,312,20232,37895,44229,167896
3,0,5,1,137334,31433,25238,312,20236,38574,44325,168767
3,0,6,0,127133,31473,15821,138,20243,37831,44291,158606
3,0,6,1,149522,31505,16897,138,20232,37798,44284,181027
3,0,7,0,107225,31415,13233,68,20237,40988,23695,138640
3,0,7,1,106754,31499,13265,68,20215,41009,23232,138253
3,0,8,0,140969,31479,15644,111,20230,44430,51587,172448
3,0,8,1,140907,31474,14575,111,20250,44641,52652,172381
3,0,9,0,134376,31460,14152,95,20458,42143,48730,165836
3,0,9,1,134244,31468,14185,95,20224,42084,48726,165712
3,0,10,0,137971,31486,12238,42,20226,44677,51817,169457
3,0,10,1,137203,31472,12222,42,20229,44660,51266,168675
3,0,11,0,121823,31469,24063,370,20225,44911,23641,153292
3,0,11,1,121959,31445,24097,370,20243,44918,23585,153404
3,0,12,0,155185,31451,18191,194,20453,39742,46107,186636
3,0,12,1,133204,31502,17130,194,20251,40227,46641,164706
3,1,1,0,141127,31480,18596,196,20237,43776,49570,172607
3,1,1,1,140845,31476,18361,196,20233,43750,49621,172321
3,1,2,0,118986,31463,19028,123,20242,33379,37283,150449
3,1,2,1,118081,31470,19008,123,20232,32824,37143,149551
3,1,3,0,108039,31464,13665,61,20230,41765,23351,139503
3,1,3,1,108191,31443,13725,61,20236,41825,23191,139634
3,1,4,0,141193,31492,12648,62,20230,46032,53137,172685
3,1,4,1,163663,31632,13682,62,20209,45718,53123,195295
3,1,5,0,145130,31470,20716,244,20226,45172,50057,176600
3,1,5,1,142771,31470,19587,244,20220,44032,49851,174241
3,1,6,0,118409,31526,19182,123,20241,32847,37165,149935
3,1,6,1,118573,31474,19141,123,20232,33104,37186,150047
3,1,7,0,107839,31464,13415,61,20243,41826,23264,139303
3,1,7,1,107928,31444,13407,61,20232,41822,23306,139372
3,1,8,0,140793,31487,12589,62,20212,45799,53048,172280
3,1,8,1,140596,31522,12549,62,20219,45749,53110,172118
3,1,9,0,141386,31471,18499,196,20220,43917,49788,172857
3,1,9,1,141847,31462,18531,196,20242,43932,50062,173309
3,1,10,0,141009,31463,20116,123,20238,32839,37130,172472
3,1,10,1,118376,31468,19104,123,20256,32838,37123,149844
3,1,11,0,109003,31428,14619,93,20224,41796,23280,140431
3,1,11,1,111760,31434,15696,93,20278,42015,24407,143194
3,1,12,0,149251,31496,14644,110,20231,49300,55994,180747
3,1,12,1,149945,31491,14701,110,20238,49513,56440,181436
3,2,1,0,141295,31480,15711,83,20249,44360,52356,172775
3,2,1,1,137970,31488,12210,83,20227,44399,52543,169458
3,2,2,0,157202,31458,26440,330,20236,46057,55265,188660
3,2,2,1,176826,31466,24864,330,20248,45988,55275,208292
3,2,3,0,113110,31486,19094,129,20247,41594,23467,144596
3,2,3,1,111491,31459,16230,129,20278,41579,24543,142950
3,2,4,0,149430,31473,14301,139,20237,48387,57730,180903
3,2,4,1,146470,31446,11449,139,20251,48366,57649,177916
3,2,5,0,132130,31486,14879,64,20209,40852,47502,163616
3,2,5,1,128456,31461,11271,64,20230,40823,47429,159917
3,2,6,0,141574,31455,31079,541,20249,37222,44390,173029
3,2,6,1,139399,31464,29197,541,20251,36988,44336,170863
3,2,7,0,108803,31455,20787,217,20234,36513,22549,140258
3,2,7,1,105874,31422,17656,217,20252,36552,22483,137296
3,2,8,0,159673,31443,15088,89,20216,38705,45705,191116
3,2,8,1,124495,31456,11946,89,20211,38676,44843,155951
3,2,9,0,117158,31474,16029,108,20192,33519,38783,148632
3,2,9,1,113068,31460,12724,108,20203,33324,38225,144528
3,2,10,0,127018,31456,16394,108,20211,37772,43913,158474
3,2,10,1,123309,31471,12753,108,20219,37754,43937,154780
3,2,11,0,127474,31454,34870,540,20261,40344,23279,158928
3,2,11,1,126262,31419,33520,540,20252,40329,23235,157681
3,2,12,0,137420,31470,17662,127,20246,42015,48738,168890
3,2,12,1,132176,31465,13830,127,20239,41289,48134,163641
4,0,1,0,123718,31468,12763,68,20225,32649,49229,155186
4,0,1,1,123053,31467,12788,68,20235,32489,48702,154520
4,0,2,0,124622,31451,15760,118,20226,32203,47462,156073
4,0,2,1,124391,31473,15737,118,20215,32145,47461,155864
4,0,3,0,99777,31482,14451,95,20233,31565,24548,131259
4,0,3,1,99744,31457,14266,95,20237,31652,24460,131201
4,0,4,0,127776,31445,12718,46,20215,35239,50619,159221
4,0,4,1,126999,31470,12665,46,20216,35152,50172,158469
4,0,5,0,159871,31517,26302,312,20246,33892,49099,191388
4,0,5,1,136010,31468,25192,312,20258,32686,48917,167478
4,0,6,0,128697,31439,16950,138,20234,32671,49508,160136
4,0,6,1,127549,31488,15808,138,20222,32712,49937,159037
4,0,7,0,103030,31439,13198,68,20227,35378,25210,134469
4,0,7,1,103220,31457,13218,68,20236,35395,25205,134677
4,0,8,0,139361,31493,14593,111,20219,38333,57300,170854
4,0,8,1,139419,31493,14540,111,20235,38299,57497,170912
4,0,9,0,133957,31471,14231,95,20233,36336,54276,165428
4,0,9,1,134013,31476,14238,95,20237,36356,54260,165489
4,0,10,0,136843,31474,12229,42,20232,38524,56898,168317
4,0,10,1,136724,31467,12259,42,20232,38521,56847,168191
4,0,11,0,119249,31962,25229,370,20255,38940,25569,151211
4,0,11,1,142426,31496,25132,370,20280,39423,26764,173922
4,0,12,0,132018,31517,17120,194,20250,34396,51316,163535
4,0,12,1,131868,31463,17143,194,20229,34348,51330,163331
4,1,1,0,140385,31451,18389,196,20237,37876,54927,171836
4,1,1,1,140276,31985,18343,196,20241,37875,54944,172261
4,1,2,0,118006,31474,19055,123,20251,28174,41476,149480
4,1,2,1,117804,31490,18997,123,20255,28135,41526,149294
4,1,3,0,126600,31465,14733,61,20232,35984,25271,158065
4,1,3,1,105990,31496,13720,61,20252,37205,25610,137486
4,1,4,0,142125,31494,13773,62,20223,39736,59152,173619
4,1,4,1,140056,31479,12636,62,20225,39521,58709,171535
4,1,5,0,142237,31495,19559,244,20216,38062,55428,173732
4,1,5,1,142152,31508,19597,244,20231,38071,55189,173660
4,1,6,0,118066,31519,19154,123,20249,28172,41510,149585
4,1,6,1,118575,31490,19105,123,20240,28332,41964,150065
4,1,7,0,104039,31435,13399,61,20228,35989,25312,135474
4,1,7,1,104258,31452,13419,61,20238,36059,25252,135710
4,1,8,0,140235,31490,12578,62,20222,39545,58753,171725
4,1,8,1,141587,31486,12777,62,20248,39734,59800,173073
4,1,9,0,142236,31530,19668,196,20223,37994,55163,173766
4,1,9,1,164554,31446,19595,196,20224,38549,55368,196000
4,1,10,0,118072,31470,19087,123,20249,28191,41487,149542
4,1,10,1,117888,31487,19068,123,20258,28161,41512,149375
4,1,11,0,105908,31953,14583,93,20243,36638,25365,137861
4,1,11,1,105437,31476,14596,93,20227,36105,25281,136913
4,1,12,0,148249,31508,14659,110,20249,42764,61518,179757
4,1,12,1,148168,31482,14681,110,20262,42678,61553,179650
4,2,1,0,163546,31520,16770,83,20226,38219,58019,195066
4,2,1,1,137703,31511,12219,83,20252,38216,58410,169214
4,2,2,0,157369,31477,27556,330,20259,39739,61025,188846
4,2,2,1,153434,31501,23756,330,20264,39770,60996,184935
4,2,3,0,109709,31441,19094,129,20233,36134,25504,141150
4,2,3,1,105149,31464,15098,129,20207,35663,25355,136613
4,2,4,0,150930,31479,14325,139,20246,41961,65774,182409
4,2,4,1,147877,31482,11421,139,20227,41981,65744,179359
4,2,5,0,133456,31485,14947,64,20219,36378,53128,164941
4,2,5,1,128219,31481,11238,64,20229,35159,52918,159700
4,2,6,0,141839,31483,31014,541,20237,32328,49537,173322
4,2,6,1,162114,31480,30292,541,20227,31857,49378,193594
4,2,7,0,105737,31466,20762,217,20248,31477,24523,137203
4,2,7,1,103913,31450,18815,217,20229,31453,24568,135363
4,2,8,0,126348,31491,13993,89,20243,33363,50081,157839
4,2,8,1,122774,32003,10800,89,20235,33263,49913,154777
4,2,9,0,116403,31472,16010,108,20232,28655,42917,147875
4,2,9,1,113224,31490,12700,108,20226,28739,42840,144714
4,2,10,0,126977,31448,16372,108,20233,32502,49169,158425
4,2,10,1,123432,31468,12751,108,20241,32446,49438,154900
4,2,11,0,124320,31457,35299,540,20236,34742,25134,155777
4,2,11,1,124003,31922,33506,540,20276,35015,26260,155925
4,2,12,0,158464,31480,18720,127,20226,35790,53134,189944
4,2,12,1,132899,31473,15021,127,20205,35801,53138,164372
5,0,1,0,125382,31460,12780,68,20215,32155,51420,156842
5,0,1,1,125545,31458,12838,68,20234,32208,51405,157003
5,0,2,0,127198,31458,15790,118,20205,32008,50251,158656
5,0,2,1,127249,31494,15738,118,20251,32011,50475,158743
5,0,3,0,103390,31447,14207,95,20243,31470,28389,134837
5,0,3,1,104151,31434,14242,95,20235,32397,28085,135585
5,0,4,0,129910,31492,12694,46,20205,35280,52806,161402
5,0,4,1,152420,31458,13773,46,20210,35199,52792,183878
5,0,5,0,138404,31473,25243,312,20255,32384,51661,169877
5,0,5,1,139685,31699,26326,312,20227,32379,51685,171384
5,0,6,0,129940,31474,15821,138,20239,32375,52545,161414
5,0,6,1,129028,31501,15817,138,20236,32135,52079,160529
5,0,7,0,106038,31434,13211,68,20231,34914,28630,137472
5,0,7,1,106191,31484,13275,68,20216,34930,28719,137675
5,0,8,0,141579,31467,14780,111,20230,38161,59419,173046
5,0,8,1,143092,31455,14578,111,20265,38402,60998,174547
5,0,9,0,135710,31472,14205,95,20245,35756,56719,167182
5,0,9,1,135952,31484,14198,95,20228,35792,56789,167436
5,0,10,0,161514,31440,13326,42,20216,38380,58996,192954
5,0,10,1,140115,31487,13402,42,20220,38367,59047,171602
5,0,11,0,120694,31450,24077,370,20234,38253,29110,152144
5,0,11,1,122129,31451,24651,370,20745,38506,29076,153580
5,0,12,0,133875,31496,17139,194,20240,33681,53883,165371
5,0,12,1,133734,31480,17145,194,20232,33660,53910,165214
5,1,1,0,142100,31434,18359,196,20245,37425,57191,173534
5,1,1,1,142042,31475,18363,196,20248,37414,57179,173517
5,1,2,0,142903,31691,20090,123,20226,27736,44185,174594
5,1,2,1,121484,31488,20167,123,20242,27730,44180,152972
5,1,3,0,107416,31455,13651,61,20238,35721,28705,138871
5,1,3,1,108344,31459,13712,61,20735,35909,28731,139803
5,1,4,0,142292,31498,12652,62,20237,39368,60896,173790
5,1,4,1,142082,31473,12657,62,20228,39349,60950,173555
5,1,5,0,145422,31486,19568,244,20249,39063,57669,176908
5,1,5,1,143980,31482,19597,244,20221,37660,57395,175462
5,1,6,0,120421,31491,19152,123,20238,27790,44145,151912
5,1,6,1,120165,31490,19114,123,20238,27709,44200,151655
5,1,7,0,129842,31450,14510,61,20445,35860,28677,161292
5,1,7,1,107369,31448,13415,61,20233,35746,28773,138817
5,1,8,0,143386,32048,13704,62,20227,39326,60914,175434
5,1,8,1,142172,31496,12587,62,20236,39346,60910,173668
5,1,9,0,142624,31465,18498,196,20232,37607,57327,174089
5,1,9,1,142755,31458,18513,196,20229,37602,57362,174213
5,1,10,0,120631,31472,19304,123,20263,27736,44191,152103
5,1,10,1,120833,32020,19076,123,20254,28339,44290,152853
5,1,11,0,108426,31435,14597,93,20245,35756,28746,139861
5,1,11,1,109983,31468,14581,93,20271,35933,29922,141451
5,1,12,0,149667,31487,14665,110,20262,41816,63826,181154
5,1,12,1,149833,31473,14668,110,20246,42024,63918,181306
5,2,1,0,143023,31452,15715,83,20244,38073,60313,174475
5,2,1,1,139427,31463,12240,83,20227,38103,60228,170890
5,2,2,0,158531,31476,26668,330,20265,39566,63288,190007
5,2,2,1,156091,31476,23778,330,20292,39546,63852,187567
5,2,3,0,112203,31462,19083,129,20227,35306,28859,143665
5,2,3,1,109685,31460,15049,129,20247,35548,29945,141145
5,2,4,0,153274,31483,14356,139,20240,41560,68548,184757
5,2,4,1,150493,31453,11592,139,20237,41548,68550,181946
5,2,5,0,133624,31463,14923,64,20225,34715,55051,165087
5,2,5,1,159382,31448,18342,64,20212,34737,55719,190830
5,2,6,0,143317,31487,31030,541,20259,31329,52016,174804
5,2,6,1,141384,31703,29203,541,20237,31308,52087,173087
5,2,7,0,109060,31488,20786,217,20241,30730,28369,140548
5,2,7,1,105537,31453,17695,217,20237,30762,27955,136990
5,2,8,0,129375,31454,14035,89,20232,33936,52484,160829
5,2,8,1,124710,31475,10813,89,20213,32841,52227,156185
5,2,9,0,118688,31477,16012,108,20477,28136,45428,150165
5,2,9,1,115079,31438,12699,108,20235,28030,45395,146517
5,2,10,0,129425,31470,16387,108,20242,32017,52033,160895
5,2,10,1,154036,31445,19889,108,20226,32001,51554,185481
5,2,11,0,126883,31454,34838,540,20268,34381,28619,158337
5,2,11,1,125672,31434,33523,540,20262,34349,28604,157106
5,2,12,0,137974,31491,17663,127,20218,35318,56005,169465
5,2,12,1,133732,31476,13855,127,20225,35013,56007,165208
6,0,1,0,127950,31510,12797,68,20458,38822,47161,159460
6,0,1,1,127663,31467,12778,68,20231,38669,47206,159130
6,0,2,0,129309,31998,15791,118,20234,38302,46061,161307
6,0,2,1,158029,31489,22912,118,20227,38325,46040,189518
6,0,3,0,104905,31471,14241,95,20234,37748,23750,136376
6,0,3,1,105135,31443,14260,95,20231,37804,23784,136578
6,0,4,0,132136,31465,12687,46,20225,41584,48703,163601
6,0,4,1,131674,31468,12678,46,20230,41315,48588,163142
6,0,5,0,141909,31467,25214,312,20278,39082,48427,173376
6,0,5,1,140778,31470,25254,312,20229,38909,47465,172248
6,0,6,0,131884,31477,15826,138,20222,39013,47886,163361
6,0,6,1,132005,31471,15830,138,20239,39207,47963,163476
6,0,7,0,109245,31459,13246,68,20227,41904,24934,140704
6,0,7,1,108753,31494,13219,68,20229,41712,24472,140247
6,0,8,0,172651,31462,21645,111,20232,44795,55124,204113
6,0,8,1,143716,31506,14579,111,20235,44848,55137,175222
6,0,9,0,138940,31470,14161,95,20218,42761,52813,170410
6,0,9,1,138901,31454,14238,95,20225,43015,52473,170355
6,0,10,0,141335,31479,12246,42,20236,45084,54779,172814
6,0,10,1,142686,31464,12222,42,20209,46305,55031,174150
6,0,11,0,123708,31459,24111,370,20254,45481,24952,155167
6,0,11,1,123585,31451,24077,370,20222,45280,24919,155036
6,0,12,0,136685,31495,17156,194,20244,40751,49653,168180
6,0,12,1,137128,31467,17645,194,20249,40707,49625,168595
6,1,1,0,145222,31472,18365,196,20231,44236,53525,176694
6,1,1,1,144960,31484,18585,196,20231,44226,52997,176444
6,1,2,0,122406,31471,19025,123,20238,34013,40038,153877
6,1,2,1,123730,31470,19014,123,20249,35229,40246,155200
6,1,3,0,110290,31429,13695,61,20461,42592,24417,141719
6,1,3,1,110059,31450,13685,61,20214,42432,24517,141509
6,1,4,0,144818,31466,12634,62,20208,46065,56718,176284
6,1,4,1,144788,31447,12638,62,20217,46069,56709,176235
6,1,5,0,146532,31469,19595,244,20244,44451,53137,178001
6,1,5,1,175377,31439,26698,244,20211,44466,53168,206816
6,1,6,0,122531,31504,19176,123,20233,34081,39967,154035
6,1,6,1,122281,32021,19123,123,20248,33985,40076,154302
6,1,7,0,109644,31447,13380,61,20238,42413,24559,141091
6,1,7,1,109899,31444,13454,61,20227,42510,24447,141343
6,1,8,0,146078,31501,12580,62,20270,46302,57801,177579
6,1,8,1,144906,31483,12599,62,20242,46333,56777,176389
6,1,9,0,145316,31501,18529,196,20240,44416,53159,176817
6,1,9,1,146069,31954,18515,196,20233,44876,53410,178023
6,1,10,0,146867,31484,26194,123,20225,34014,39968,178351
6,1,10,1,123311,31529,19048,123,20233,34046,40010,154840
6,1,11,0,110937,31434,14585,93,20241,42444,24542,142371
6,1,11,1,111378,31458,14620,93,20234,42586,24715,142836
6,1,12,0,153403,31493,14672,110,20249,49334,59610,184896
6,1,12,1,152769,31497,14665,110,20233,49297,59651,184266
6,2,1,0,145565,31462,15777,83,20252,44807,56021,177027
6,2,1,1,141897,31962,12220,83,20232,44786,56048,173859
6,2,2,0,185593,31456,33609,330,20278,46360,59026,217049
6,2,2,1,159227,31710,23790,330,20262,46380,59058,190937
6,2,3,0,115336,31447,19086,129,20232,42032,25172,146783
6,2,3,1,110788,31468,15060,129,20238,42040,24581,142256
6,2,4,0,156056,31506,14374,139,20237,48757,64135,187562
6,2,4,1,153027,31481,11390,139,20229,48740,64125,184508
6,2,5,0,136117,31480,14918,64,20212,41482,50917,167597
6,2,5,1,133801,31699,11252,64,20267,41691,51942,165500
6,2,6,0,146633,31515,31045,541,20272,38713,47953,178148
6,2,6,1,144035,31474,29225,541,20250,38103,47875,175509
6,2,7,0,111226,31455,20776,217,20250,37684,23752,142681
6,2,7,1,132750,31449,24788,217,20253,37663,23790,164199
6,2,8,0,131695,31535,13999,89,20217,39573,48068,163230
6,2,8,1,128603,31465,10824,89,20210,39747,49126,160068
6,2,9,0,120730,31487,16048,108,20231,34594,41244,152217
6,2,9,1,117413,31485,12674,108,20223,34546,41317,148898
6,2,10,0,132728,31477,16398,108,20238,39905,47547,164205
6,2,10,1,127894,31452,13014,108,20228,38707,47300,159346
6,2,11,0,129517,31435,34931,540,20248,41054,24450,160952
6,2,11,1,128192,31995,33526,540,20253,41022,24511,160187
6,2,12,0,140483,31474,17695,127,20244,42117,51742,171957
6,2,12,1,161224,31441,20955,127,20209,42116,51776,192665
7,0,1,0,121087,31470,12764,68,20205,34991,44366,152557
7,0,1,1,121148,31459,12783,68,20237,34944,44306,152607
7,0,2,0,124463,31464,15787,118,20226,35952,43601,155927
7,0,2,1,123214,31475,15817,118,20255,34710,43412,154689
7,0,3,0,100838,31442,14238,95,20213,34108,23253,132280
7,0,3,1,100925,31485,14244,95,20231,34084,23286,132410
7,0,4,0,125489,31490,12695,46,20205,37776,45921,156979
7,0,4,1,125318,31454,12684,46,20229,37759,45887,156772
7,0,5,0,135096,31474,25182,312,20239,35135,44606,166570
7,0,5,1,159032,31495,32390,312,20243,35443,44634,190527
7,0,6,0,125649,31467,15820,138,20229,35180,44895,157116
7,0,6,1,124899,31472,15796,138,20243,35123,44903,156371
7,0,7,0,105528,31629,13246,68,20222,39033,24040,137157
7,0,7,1,104389,31495,13242,68,20246,37910,23925,135884
7,0,8,0,136413,31470,14594,111,20227,40877,51733,167883
7,0,8,1,137361,31476,15053,111,20224,41358,51856,168837
7,0,9,0,131189,31463,14196,95,20232,38846,49127,162652
7,0,9,1,131423,31478,14206,95,20241,38904,49114,162901
7,0,10,0,133963,31688,12243,42,20232,41033,51428,165651
7,0,10,1,158254,31470,19277,42,20221,41031,51419,189724
7,0,11,0,119301,31457,24091,370,20256,41555,24348,150758
7,0,11,1,121131,31498,24109,370,20717,41836,24264,152629
7,0,12,0,129788,31459,17162,194,20248,36831,46565,161247
7,0,12,1,129620,31482,17103,194,20248,36829,46561,161102
7,1,1,0,137705,31494,18351,196,20241,40403,49798,169199
7,1,1,1,137715,31464,18361,196,20245,40314,49836,169179
7,1,2,0,116676,31711,19026,123,20240,30584,37765,148387
7,1,2,1,116467,31520,19033,123,20247,30571,37724,147987
7,1,3,0,106473,31506,13639,61,20234,38508,23997,137979
7,1,3,1,130047,31455,20798,61,20231,38518,24005,161502
7,1,4,0,137256,31478,12624,62,20227,42069,53195,168734
7,1,4,1,137005,31506,12609,62,20229,42034,53237,168511
7,1,5,0,139415,32047,19607,244,20239,40555,50068,171462
7,1,5,1,141242,31458,19832,244,20234,41714,50325,172700
7,1,6,0,116842,31498,19164,123,20246,30609,37732,148340
7,1,6,1,116582,31439,19153,123,20228,30546,37721,148021
7,1,7,0,105536,31460,13393,61,20244,38803,23995,136996
7,1,7,1,105475,31414,13427,61,20227,38581,23948,136889
7,1,8,0,137228,31968,12565,62,20227,42078,53181,169196
7,1,8,1,162397,31463,19598,62,20358,42301,53497,193860
7,1,9,0,138380,31504,18547,196,20239,40529,50025,169884
7,1,9,1,139493,31525,18495,196,20238,40511,50060,171018
7,1,10,0,117001,31497,19104,123,20229,30878,37770,148498
7,1,10,1,117900,31473,19027,123,20273,30797,38803,149373
7,1,11,0,106386,31456,14612,93,20246,38555,23942,137842
7,1,11,1,107414,31454,14586,93,20259,38800,24544,138868
7,1,12,0,145268,31496,14693,110,20254,45295,55978,176764
7,1,12,1,145151,31723,14674,110,20258,45247,56050,176874
7,2,1,0,138932,31500,15710,83,20247,40781,52505,170432
7,2,1,1,158909,31437,19301,83,20239,40779,52498,190346
7,2,2,0,153423,31461,26444,330,20262,42476,55456,184884
7,2,2,1,151814,31499,23769,330,20267,43547,55563,183313
7,2,3,0,110219,31461,19090,129,20239,38162,24006,141680
7,2,3,1,107053,31412,15485,129,20239,38262,24131,138465
7,2,4,0,147413,31486,14354,139,20234,44751,59489,178899
7,2,4,1,144614,31501,11419,139,20224,44721,59748,176115
7,2,5,0,129837,31478,14932,64,20215,38170,47966,161315
7,2,5,1,125506,31453,11245,64,20249,37651,47695,156959
7,2,6,0,163930,31436,38285,541,20251,34372,44776,195366
7,2,6,1,138297,31503,29226,541,20269,34346,44775,169800
7,2,7,0,106831,31474,20781,217,20249,33855,23252,138305
7,2,7,1,104111,31455,17692,217,20253,33911,23392,135566
7,2,8,0,126401,31489,14553,89,20269,36001,46831,157890
7,2,8,1,120455,31466,10805,89,20237,35773,45096,151921
7,2,9,0,114767,31471,16030,108,20214,31092,38895,146238
7,2,9,1,111536,31473,12680,108,20222,31122,38845,143009
7,2,10,0,124882,31500,16383,108,20230,35009,44642,156382
7,2,10,1,120889,31482,12783,108,20229,34951,44395,152371
7,2,11,0,149572,31436,42147,540,20257,37209,23884,181008
7,2,11,1,123794,31437,33534,540,20248,37221,23860,155231
7,2,12,0,134629,31477,17683,127,20240,38392,48540,166106
7,2,12,1,130067,31462,13864,127,20461,38500,48517,161529
