car,track,frame,mode,draw,present,prepare,raster,blit,player,opponents,candidates,before,after,rows,total
0,0,1,0,115758,31471,22566,45211,11011,32556,46337,24,2688,2688,336,147229
0,0,1,1,113722,31432,22593,45214,8901,31951,44861,24,2688,764,336,145154
0,0,2,0,116076,31437,22575,45171,12428,33280,47005,41,4592,4592,336,147513
0,0,2,1,113206,31445,22582,45196,9243,32165,44970,41,4592,879,336,144651
0,0,3,0,94929,31479,16494,27440,9951,35611,24366,38,4256,4256,224,126408
0,0,3,1,94425,31466,16574,27443,9310,35206,24193,38,4256,1273,224,125891
0,0,4,0,116739,31465,22988,42903,12055,33059,45014,35,3920,3920,336,148204
0,0,4,1,114138,31703,23004,42930,9505,31785,43771,35,3920,1106,336,145841
0,0,5,0,116904,31466,23061,43304,11062,33518,45143,27,3024,3024,336,148370
0,0,5,1,112980,31987,22975,43249,8370,31387,43333,27,3024,837,336,144967
0,0,6,0,142770,31443,22919,43196,10602,32337,44501,26,2912,2912,336,174213
0,0,6,1,111793,31457,22970,43177,8278,31273,43276,26,2912,804,336,143250
0,0,7,0,93205,31438,16753,26984,6584,32465,24131,33,3696,3696,224,124643
0,0,7,1,91746,31452,16817,26966,5239,31527,23753,33,3696,687,224,123198
0,0,8,0,120169,31469,23179,43544,17610,36317,48153,47,5264,5264,336,151638
0,0,8,1,117249,31448,22931,43037,15554,35068,46575,47,5264,1607,336,148697
0,0,9,0,130054,31453,22890,44011,12256,33213,46061,31,3472,3472,336,161507
0,0,9,1,128170,31467,22909,44020,10235,32571,44712,31,3472,1110,336,159637
0,0,10,0,128562,31496,23233,45224,11816,33842,46561,25,2800,2800,336,160058
0,0,10,1,126226,31488,22976,45745,9288,32895,45247,25,2800,780,336,157714
0,0,11,0,130737,31479,16790,27576,6348,33166,23778,18,2016,2016,224,162216
0,0,11,1,102635,31458,16954,27655,5291,32541,24778,18,2016,543,224,134093
0,0,12,0,118794,31457,22961,45503,11376,32875,47089,23,2576,2576,336,150251
0,0,12,1,116499,32097,23017,45496,9199,32256,45581,23,2576,751,336,148596
0,0,13,0,118822,31460,22982,46289,12144,33644,47897,23,2576,2576,336,150282
0,0,13,1,117435,31988,23080,46274,10553,33332,46704,23,2576,867,336,149423
0,0,14,0,121497,31451,23034,47660,14405,35765,49459,27,3024,3024,336,152948
0,0,14,1,119556,31462,22974,47663,12708,35044,48421,27,3024,1068,336,151018
0,0,15,0,97952,31467,16809,30432,9259,38245,24510,22,2464,2464,224,129419
0,0,15,1,96777,31436,16885,30454,8141,37347,24415,22,2464,958,224,128213
0,0,16,0,129698,31448,23140,53279,15554,38595,53508,25,2800,2800,336,161146
0,0,16,1,129340,31463,23148,52826,14592,38125,53670,25,2800,1237,336,160803
0,0,17,0,126364,31464,22992,50768,14551,37061,51372,25,2800,2800,336,157828
0,0,17,1,153654,31447,23014,50772,12945,36276,50595,25,2800,1081,336,185101
0,0,18,0,125321,31474,23005,50168,14535,36708,51124,26,2912,2912,336,156795
0,0,18,1,123564,31456,23078,50608,12584,36086,50315,26,2912,1037,336,155020
0,0,19,0,98377,31448,16797,30091,8568,37151,24619,21,2352,2352,224,129825
0,0,19,1,97640,31435,16879,30085,7685,36500,24479,21,2352,809,224,129075
0,0,20,0,128258,31488,23003,52602,17293,39239,53785,27,3024,3024,336,159746
0,0,20,1,125722,31438,23035,52760,14570,38065,52422,27,3024,1280,336,157160
0,0,21,0,149333,31455,22952,51022,26274,44231,57354,97,10864,10864,336,180788
0,0,21,1,139619,31454,23203,51304,17105,38230,53515,97,10864,1634,336,171073
0,0,22,0,149587,31471,22940,47754,31772,43646,58948,115,12880,12880,336,181058
0,0,22,1,167108,31467,22973,47753,20411,38446,52819,115,12880,3087,336,198575
0,0,23,0,107465,31443,17397,28026,11368,38266,24853,53,5936,5936,224,138908
0,0,23,1,102790,31453,16756,28019,6485,33557,23928,53,5936,1555,224,134243
0,0,24,0,133826,31452,22916,45605,25008,38361,55291,83,9296,9296,336,165278
0,0,24,1,121186,31476,22938,45587,12467,33927,47186,83,9296,1207,336,152662
0,1,1,0,143893,31464,22741,54245,26874,39920,65176,36,4032,4032,336,175357
0,1,1,1,135743,31455,23276,54262,19288,38506,58440,36,4032,1695,336,167198
0,1,2,0,136421,31453,22832,49669,22316,42334,52597,75,8400,8400,336,167874
0,1,2,1,158055,31460,22790,49653,15423,37450,50537,75,8400,2351,336,189515
0,1,3,0,100322,31449,17025,26396,6897,32760,23893,29,3248,3248,224,131771
0,1,3,1,99297,31467,16886,26348,6233,32031,23751,29,3248,803,224,130764
0,1,4,0,109064,31484,23050,36139,7546,28317,38540,23,2576,2576,336,140548
0,1,4,1,107876,31453,23114,36145,6417,27861,37937,23,2576,803,336,139329
0,1,5,0,115186,31702,23175,42595,11946,33024,44818,20,2240,2240,336,146888
0,1,5,1,114841,31485,23204,42615,11370,32541,44770,20,2240,1018,336,146326
0,1,6,0,122324,31934,23099,49551,12643,35606,49836,18,2016,2016,336,154258
0,1,6,1,122041,31458,23122,49560,12384,35665,49525,18,2016,1091,336,153499
0,1,7,0,98783,31426,16844,31717,7546,37949,24532,12,1344,1344,224,130209
0,1,7,1,100341,31485,17095,31787,7615,38290,25721,12,1344,761,224,131826
0,1,8,0,157948,31445,23084,55965,14310,39044,54444,16,1792,1792,336,189393
0,1,8,1,129250,31483,23115,55965,13861,39086,53979,16,1792,1066,336,160733
0,1,9,0,144385,31485,23122,54260,26842,39019,65333,36,4032,4032,336,175870
0,1,9,1,138206,31457,23803,54272,19349,38280,59272,36,4032,1695,336,169663
0,1,10,0,138121,31453,23111,49687,22405,42519,52809,75,8400,8400,336,169574
0,1,10,1,131019,31467,23026,49719,15512,37643,50735,75,8400,2353,336,162486
0,1,11,0,100733,31449,16819,26322,6917,32541,23864,29,3248,3248,224,132182
0,1,11,1,99627,31470,16950,26318,6252,32102,23687,29,3248,803,224,131097
0,1,12,0,110480,31417,23104,36153,7526,28314,39723,23,2576,2576,336,141897
0,1,12,1,107969,31487,23036,36146,6482,27857,37930,23,2576,804,336,139456
0,1,13,0,143960,31422,23131,42728,11973,33031,44929,20,2240,2240,336,175382
0,1,13,1,114713,31460,23114,42542,11362,32574,44568,20,2240,1018,336,146173
0,1,14,0,122732,31466,23190,50117,12736,36235,49939,18,2016,2016,336,154198
0,1,14,1,121721,31468,23086,49620,12447,35713,49569,18,2016,1091,336,153189
0,1,15,0,98451,31428,16870,31729,7552,38006,24490,12,1344,1344,224,129879
0,1,15,1,98568,31460,16947,31747,7542,38079,24544,12,1344,761,224,130028
0,1,16,0,129417,31668,23213,55932,14373,39084,54561,16,1792,1792,336,161085
0,1,16,1,128818,31497,23178,55907,13876,39114,53974,16,1792,1066,336,160315
0,1,17,0,144588,31481,23253,54305,26784,40143,65481,36,4032,4032,336,176069
0,1,17,1,135933,31493,23216,54216,19285,38161,58687,36,4032,1695,336,167426
0,1,18,0,136904,31485,23107,49660,22356,42469,52777,75,8400,8400,336,168389
0,1,18,1,129848,31696,23126,49678,15366,37541,50753,75,8400,2351,336,161544
0,1,19,0,99860,31412,16927,26342,6899,32589,23831,29,3248,3248,224,131272
0,1,19,1,127682,31979,16872,26309,6266,32047,23711,29,3248,820,224,159661
0,1,20,0,109140,31481,23140,36108,7502,28293,38583,23,2576,2576,336,140621
0,1,20,1,107905,31477,23056,36148,6454,27876,37903,23,2576,804,336,139382
0,1,21,0,115475,31470,23180,42778,11919,33091,44919,20,2240,2240,336,146945
0,1,21,1,114783,31452,23162,42489,11383,32535,44622,20,2240,1020,336,146235
0,1,22,0,124645,31459,23354,50112,12666,36355,49913,18,2016,2016,336,156104
0,1,22,1,122936,31466,23159,49557,12387,35681,49543,18,2016,1091,336,154402
0,1,23,0,100087,31441,16901,31671,7633,38002,24637,12,1344,1344,224,131528
0,1,23,1,101647,31472,17074,31806,7655,38327,25721,12,1344,761,224,133119
0,1,24,0,150471,31484,23137,56110,33144,46784,65734,75,8400,8400,336,181955
0,1,24,1,165786,31513,23124,56377,19749,42169,57238,75,8400,2034,336,197299
1,0,1,0,122777,31483,24441,49798,11550,33052,52850,24,2688,2688,336,154260
1,0,1,1,120146,31442,24287,49607,9263,32300,50960,24,2688,756,336,151588
1,0,2,0,123305,31453,24514,49418,12991,33971,53088,41,4592,4592,336,154758
1,0,2,1,119015,31461,24326,49374,9592,32542,50862,41,4592,879,336,150476
1,0,3,0,96461,31430,16119,27105,9971,36060,25347,38,4256,4256,224,127891
1,0,3,1,97393,31484,16389,27190,9378,35989,26279,38,4256,1270,224,128877
1,0,4,0,123101,31452,24798,46747,12751,33521,50897,35,3920,3920,336,154553
1,0,4,1,120140,31885,24778,46556,10087,32264,49285,35,3920,1109,336,152025
1,0,5,0,121904,31467,24740,47190,11569,32841,50779,27,3024,3024,336,153371
1,0,5,1,147803,31450,24724,47251,8818,31804,49110,27,3024,833,336,179253
1,0,6,0,120248,31470,24726,47108,11096,32691,50358,26,2912,2912,336,151718
1,0,6,1,117661,31719,24703,47141,8592,31588,48967,26,2912,796,336,149380
1,0,7,0,94905,31449,16453,26585,6647,32882,25216,33,3696,3696,224,126354
1,0,7,1,93165,31440,16440,26624,5274,31942,24760,33,3696,687,224,124605
1,0,8,0,125419,31455,24742,46845,18036,36019,53720,47,5264,5264,336,156874
1,0,8,1,125165,31468,24893,46938,16443,35837,53695,47,5264,1613,336,156633
1,0,9,0,137278,31465,24936,47867,13556,34382,52099,33,3696,3696,336,168743
1,0,9,1,134301,31430,24656,47836,10711,32987,50334,33,3696,1105,336,165731
1,0,10,0,135790,31470,25359,49402,12373,34152,53116,25,2800,2800,336,167260
1,0,10,1,160666,31467,24720,49420,9662,32786,51143,25,2800,780,336,192133
1,0,11,0,103510,31447,16424,27234,6338,33571,24843,18,2016,2016,224,134957
1,0,11,1,102612,31447,16449,27257,5227,32673,24661,18,2016,537,224,134059
1,0,12,0,125807,31457,24859,49905,11871,33432,53343,23,2576,2576,336,157264
1,0,12,1,123765,31441,24808,50518,9563,33238,51785,23,2576,745,336,155206
1,0,13,0,127002,31472,24811,50863,12751,35175,54547,23,2576,2576,336,158474
1,0,13,1,124151,31439,24751,50860,10993,33736,52990,23,2576,861,336,155590
1,0,14,0,128584,31468,24797,52420,15059,36243,56158,27,3024,3024,336,160052
1,0,14,1,126947,31493,24805,52718,13205,35735,55120,27,3024,1068,336,158440
1,0,15,0,99276,31440,16446,30118,9381,38686,25689,22,2464,2464,224,130716
1,0,15,1,98903,31398,16541,30105,8703,38270,25557,22,2464,958,224,130301
1,0,16,0,165501,31435,24805,58169,16044,38836,60307,25,2800,2800,336,196936
1,0,16,1,135710,31463,24865,58168,15035,38344,59849,25,2800,1224,336,167173
1,0,17,0,134250,31469,24738,56349,15117,37446,58880,25,2800,2800,336,165719
1,0,17,1,132600,31425,24772,55906,13721,36905,57616,25,2800,1081,336,164025
1,0,18,0,132256,31459,24744,55035,15185,37124,57954,26,2912,2912,336,163715
1,0,18,1,131238,31452,24686,55116,12979,36175,57840,26,2912,1027,336,162690
1,0,19,0,99849,31631,16426,29753,8647,37598,25644,21,2352,2352,224,131480
1,0,19,1,99062,31429,16490,29747,7799,36956,25467,21,2352,809,224,130491
1,0,20,0,136128,31974,24814,57927,17936,39681,61121,27,3024,3024,336,168102
1,0,20,1,133136,31461,24797,57929,15072,38521,59405,27,3024,1280,336,164597
1,0,21,0,155919,31505,24695,56230,27062,43617,64492,97,10864,10864,336,187424
1,0,21,1,174997,31464,24674,56200,17187,38372,59813,97,10864,1634,336,206461
1,0,22,0,157903,31435,24993,52553,33154,44409,66424,115,12880,12880,336,189338
1,0,22,1,146452,31444,25117,52858,21413,39597,59919,115,12880,3079,336,177896
1,0,23,0,109497,31426,16329,27661,11395,39172,25890,53,5936,5936,224,140923
1,0,23,1,103411,31441,16403,27673,6447,33858,25067,53,5936,1542,224,134852
1,0,24,0,141428,31488,24733,50089,26362,38814,62498,83,9296,9296,336,172916
1,0,24,1,128250,31489,24787,50260,13077,34584,53666,83,9296,1201,336,159739
1,1,1,0,151370,31466,24423,59602,28317,39188,73266,36,4032,4032,336,182836
1,1,1,1,172064,31413,24506,59594,20210,38317,66111,36,4032,1689,336,203477
1,1,2,0,143688,31461,24604,54682,22892,42861,59430,75,8400,8400,336,175149
1,1,2,1,136582,31474,24605,54685,15794,37888,57310,75,8400,2332,336,168056
1,1,3,0,102426,31466,16616,26079,6931,33208,26002,29,3248,3248,224,133892
1,1,3,1,100474,31430,16560,25980,6246,32446,24790,29,3248,803,224,131904
1,1,4,0,114390,31465,24895,39316,7907,28775,43478,23,2576,2576,336,145855
1,1,4,1,113444,31447,24991,39591,6705,28416,42999,23,2576,802,336,144891
1,1,5,0,121609,31470,24870,46941,12288,33467,50756,20,2240,2240,336,153079
1,1,5,1,121839,31501,25034,47447,11667,33539,50741,20,2240,1012,336,153340
1,1,6,0,129693,31483,24915,54716,12997,35989,56762,18,2016,2016,336,161176
1,1,6,1,157847,31450,24851,54745,12766,36069,56418,18,2016,1091,336,189297
1,1,7,0,100834,31445,16507,31364,7640,38385,25688,12,1344,1344,224,132279
1,1,7,1,100800,31476,16652,31635,7655,38535,25977,12,1344,755,224,132276
1,1,8,0,137340,31489,24952,61486,14905,39382,62091,16,1792,1792,336,168829
1,1,8,1,136640,31477,24880,61482,14400,39386,61507,16,1792,1066,336,168117
1,1,9,0,153417,31471,24970,59839,28469,39710,73710,36,4032,4032,336,184888
1,1,9,1,146613,31456,25039,59671,20380,38814,67555,36,4032,1689,336,178069
1,1,10,0,146260,31475,25583,54748,23080,43817,59725,75,8400,8400,336,177735
1,1,10,1,138239,31482,24901,54684,15908,38076,57542,75,8400,2334,336,169721
1,1,11,0,126054,31463,16450,25995,6912,32951,24871,29,3248,3248,224,157517
1,1,11,1,101091,31444,16545,25954,6280,32458,24720,29,3248,803,224,132535
1,1,12,0,115991,31470,24848,39373,7936,28873,43417,23,2576,2576,336,147461
1,1,12,1,113936,31470,24929,39739,6751,28337,43214,23,2576,803,336,145406
1,1,13,0,121472,31470,24909,46815,12237,33447,50640,20,2240,2240,336,152942
1,1,13,1,121080,31476,24853,46888,11670,32993,50542,20,2240,1012,336,152556
1,1,14,0,130721,31481,25000,54675,13096,37224,56849,18,2016,2016,336,162202
1,1,14,1,129249,31493,24891,54914,12855,36123,56661,18,2016,1091,336,160742
1,1,15,0,100001,31436,16516,31399,7616,38414,25649,12,1344,1344,224,131437
1,1,15,1,100059,31932,16571,31378,7628,38460,25652,12,1344,755,224,131991
1,1,16,0,137297,31476,24975,61498,14894,39389,62103,16,1792,1792,336,168773
1,1,16,1,136648,31446,24910,61534,14391,39402,61558,16,1792,1066,336,168094
1,1,17,0,153522,31517,24933,59565,28348,39401,73571,36,4032,4032,336,185039
1,1,17,1,168959,31467,24918,59594,20460,38485,66614,36,4032,1689,336,200426
1,1,18,0,144288,31472,24888,54639,22942,42965,59626,75,8400,8400,336,175760
1,1,18,1,137044,31456,24857,54619,15895,37989,57506,75,8400,2332,336,168500
1,1,19,0,101055,31692,16456,25958,6883,32918,24858,29,3248,3248,224,132747
1,1,19,1,101888,31452,16590,25925,6240,33663,24855,29,3248,803,224,133340
1,1,20,0,114478,31454,24909,39339,7885,28780,43475,23,2576,2576,336,145932
1,1,20,1,113265,31451,24947,39351,6658,28336,42742,23,2576,803,336,144716
1,1,21,0,121647,31469,24886,46896,12277,33458,50733,20,2240,2240,336,153116
1,1,21,1,121274,31447,24953,46897,11653,33006,50617,20,2240,1014,336,152721
1,1,22,0,130623,31461,24913,54665,13051,36020,56731,18,2016,2016,336,162084
1,1,22,1,154855,31428,24826,54718,12922,36158,56433,18,2016,1091,336,186283
1,1,23,0,101644,31446,16539,31356,7695,38404,25746,12,1344,1344,224,133090
1,1,23,1,102774,31507,16574,31358,7717,38469,25716,12,1344,755,224,134281
1,1,24,0,159196,31481,24901,61507,34744,47234,74042,75,8400,8400,336,190677
1,1,24,1,146376,31481,25016,61599,20661,42837,65727,75,8400,2034,336,177857
2,0,1,0,120238,31463,23847,47942,11475,32682,50689,25,2800,2800,336,151701
2,0,1,1,117867,31444,23805,47934,9071,31804,49114,25,2800,756,336,149311
2,0,2,0,120168,31665,23867,47829,12645,33013,51436,41,4592,4592,336,151833
2,0,2,1,141091,31461,23832,47823,9396,31949,49213,41,4592,879,336,172552
2,0,3,0,98588,31452,17604,29592,10010,35305,28250,38,4256,4256,224,130040
2,0,3,1,99045,31457,17589,29600,9333,34867,28002,38,4256,1263,224,130502
2,0,4,0,121664,31494,24359,45415,13101,32761,50234,37,4144,4144,336,153158
2,0,4,1,119559,31469,24422,45436,9825,32635,48297,37,4144,1110,336,151028
2,0,5,0,120228,31492,24771,45966,11230,32063,50023,27,3024,3024,336,151720
2,0,5,1,117400,31483,24611,45868,8546,31179,47974,27,3024,839,336,148883
2,0,6,0,118567,31470,24254,45799,11175,32063,49287,27,3024,3024,336,150037
2,0,6,1,115686,31455,24285,45773,8398,30971,47603,27,3024,804,336,147141
2,0,7,0,96427,31441,17827,29072,6646,32165,27885,33,3696,3696,224,127868
2,0,7,1,95213,31428,17885,29074,5273,31273,27451,33,3696,687,224,126641
2,0,8,0,148009,31439,24172,45633,17918,35587,52258,49,5488,5488,336,179448
2,0,8,1,122949,31448,24294,45592,16170,35059,51114,49,5488,1689,336,154397
2,0,9,0,134289,31486,24287,46636,12513,32979,50582,31,3472,3472,336,165775
2,0,9,1,132288,31488,24264,46676,10407,32305,49154,31,3472,1105,336,163776
2,0,10,0,133790,31691,24297,47940,12058,33602,51974,25,2800,2800,336,165481
2,0,10,1,129705,31435,24240,47891,9326,32078,49498,25,2800,780,336,161140
2,0,11,0,105804,31424,17822,29931,6357,33073,27528,18,2016,2016,224,137228
2,0,11,1,104814,31445,17847,29942,5234,32184,27342,18,2016,543,224,136259
2,0,12,0,122996,31467,24267,48238,11567,32777,51448,23,2576,2576,336,154463
2,0,12,1,120709,31456,24276,48288,9362,32169,49875,23,2576,751,336,152165
2,0,13,0,148485,31444,24356,49251,12453,33822,52369,23,2576,2576,336,179929
2,0,13,1,121726,31499,24368,49142,10679,33221,51091,23,2576,867,336,153225
2,0,14,0,127363,31459,24375,50535,15024,35958,54104,28,3136,3136,336,158822
2,0,14,1,124153,31448,24337,50556,12906,34969,52959,28,3136,1067,336,155601
2,0,15,0,103344,31441,17982,33093,9446,38408,29763,22,2464,2464,224,134785
2,0,15,1,100685,31449,17888,33021,8211,37236,28442,22,2464,958,224,132134
2,0,16,0,134353,31443,24592,55759,16298,38727,58059,25,2800,2800,336,165796
2,0,16,1,132578,31442,24338,55783,14883,37867,57257,25,2800,1224,336,164020
2,0,17,0,130868,31438,24253,53703,14891,36987,55983,25,2800,2800,336,162306
2,0,17,1,129320,31464,24281,53654,13247,36155,55148,25,2800,1081,336,160784
2,0,18,0,129891,31459,24371,53118,14856,36803,55664,26,2912,2912,336,161350
2,0,18,1,127929,31467,24255,53599,12874,35828,55025,26,2912,1038,336,159396
2,0,19,0,103329,31494,17809,32721,8667,37159,28590,21,2352,2352,224,134823
2,0,19,1,125763,31443,17852,32655,7774,36475,28350,21,2352,809,224,157206
2,0,20,0,133152,31432,24320,55712,17651,39141,58671,27,3024,3024,336,164584
2,0,20,1,131586,31466,24583,55658,14837,38008,58339,27,3024,1280,336,163052
2,0,21,0,152773,31466,24247,53869,26835,42849,62225,97,10864,10864,336,184239
2,0,21,1,143641,31438,24267,54371,16975,37698,58042,97,10864,1634,336,175079
2,0,22,0,154552,31481,24314,50598,32519,43454,64101,115,12880,12880,336,186033
2,0,22,1,142765,31461,24256,50597,20844,38316,57505,115,12880,3080,336,174226
2,0,23,0,111711,31461,17761,31236,11678,38520,28787,54,6048,6048,224,143172
2,0,23,1,106049,31409,17805,30475,6466,33473,27777,54,6048,1563,224,137458
2,0,24,0,162573,31451,24194,48287,25291,37836,60054,82,9184,9184,336,194024
2,0,24,1,126417,31505,24274,48284,12706,33773,51611,82,9184,1205,336,157922
2,1,1,0,147916,31432,24004,57282,27671,38875,70215,36,4032,4032,336,179348
2,1,1,1,140838,31475,24154,57392,20386,38284,63779,36,4032,1689,336,172313
2,1,2,0,140893,31479,24177,52478,22709,42066,57415,75,8400,8400,336,172372
2,1,2,1,133660,31458,24138,52481,15603,37212,55125,75,8400,2332,336,165118
2,1,3,0,103902,31429,18046,29063,7015,32494,28181,29,3248,3248,224,135331
2,1,3,1,102640,31435,17968,28551,6266,31788,27556,29,3248,799,224,134075
2,1,4,0,137377,31483,24399,38343,7697,27842,42721,23,2576,2576,336,168860
2,1,4,1,112615,31444,24427,38404,6483,27439,41998,23,2576,803,336,144059
2,1,5,0,120151,31470,24506,45127,11545,32179,50231,18,2016,2016,336,151621
2,1,5,1,118800,31444,24492,45178,11427,32194,49029,18,2016,1016,336,150244
2,1,6,0,127380,31464,24589,52435,13352,35784,54722,18,2016,2016,336,158844
2,1,6,1,126317,31488,24435,52416,12621,35514,54079,18,2016,1091,336,157805
2,1,7,0,102915,31441,17901,34534,7609,38046,28749,12,1344,1344,224,134356
2,1,7,1,103107,31462,17955,34531,7616,38121,28740,12,1344,761,224,134569
2,1,8,0,134539,31460,24459,59348,14600,39031,59501,16,1792,1792,336,165999
2,1,8,1,133614,31921,24417,59116,14136,39082,58711,16,1792,1066,336,165535
2,1,9,0,174357,31480,24370,57405,27772,39095,70578,36,4032,4032,336,205837
2,1,9,1,142037,31451,24435,57366,19938,38210,63651,36,4032,1689,336,173488
2,1,10,0,143731,31466,24440,52452,22752,42229,57541,75,8400,8400,336,175197
2,1,10,1,137116,31468,24576,52512,15961,37536,56741,75,8400,2334,336,168584
2,1,11,0,103771,31443,17897,28485,6981,32257,27677,29,3248,3248,224,135214
2,1,11,1,104419,31439,18071,28976,6311,32411,27570,29,3248,799,224,135858
2,1,12,0,112963,31482,24387,38442,7650,27881,42722,23,2576,2576,336,144445
2,1,12,1,111617,31473,24298,38478,6522,27437,41984,23,2576,804,336,143090
2,1,13,0,118523,31453,24395,45126,11497,32127,49016,18,2016,2016,336,149976
2,1,13,1,119007,31484,24489,45093,11463,32170,48998,18,2016,1018,336,150491
2,1,14,0,126549,31467,24493,52401,12853,35478,54392,18,2016,2016,336,158016
2,1,14,1,126087,31472,24461,52400,12628,35472,54137,18,2016,1091,336,157559
2,1,15,0,103635,31480,17957,34502,7623,38076,28692,12,1344,1344,224,135115
2,1,15,1,127065,31461,17902,34530,7604,38118,28681,12,1344,761,224,158526
2,1,16,0,135535,31462,24591,59137,14639,40156,59456,16,1792,1792,336,166997
2,1,16,1,134222,31452,24520,59609,14148,39315,59099,16,1792,1066,336,165674
2,1,17,0,148613,31446,24434,57391,27642,39046,70545,36,4032,4032,336,180059
2,1,17,1,140954,31449,24419,57407,19836,38176,63608,36,4032,1689,336,172403
2,1,18,0,141432,31668,24466,52452,22720,42209,57550,75,8400,8400,336,173100
2,1,18,1,134234,31458,24439,52451,15623,37342,55294,75,8400,2332,336,165692
2,1,19,0,103195,31470,17875,28541,6945,32271,27664,29,3248,3248,224,134665
2,1,19,1,102759,31413,17932,28545,6256,31817,27463,29,3248,799,224,134172
2,1,20,0,112885,31460,24455,38381,7653,27871,42740,23,2576,2576,336,144345
2,1,20,1,135953,31461,24436,38399,6516,27437,42036,23,2576,804,336,167414
2,1,21,0,119340,31450,24530,45579,11493,32612,49122,18,2016,2016,336,150790
2,1,21,1,123677,31465,24468,45084,11425,32153,50057,18,2016,1018,336,155142
2,1,22,0,127699,31444,24511,52337,12899,35474,54392,18,2016,2016,336,159143
2,1,22,1,127286,31459,24467,52359,12645,35469,54130,18,2016,1091,336,158745
2,1,23,0,104586,31434,18197,34491,7660,38361,28725,12,1344,1344,224,136020
2,1,23,1,104458,31431,17978,34474,7691,38148,28717,12,1344,761,224,135889
2,1,24,0,155022,31484,24977,59378,32599,45224,71853,71,7952,7952,336,186506
2,1,24,1,141006,31453,24431,59045,19633,41519,61710,71,7952,1938,336,172459
3,0,1,0,122438,31452,24015,49144,12203,39259,46231,25,2800,2800,336,153890
3,0,1,1,121639,31466,24050,49064,9309,39053,44655,25,2800,763,336,153105
3,0,2,0,121876,31486,23886,49355,12800,39394,46757,43,4816,4816,336,153362
3,0,2,1,118389,31462,23845,49328,9512,38129,44672,43,4816,898,336,149851
3,0,3,0,101143,31472,17950,31283,10658,42202,23764,38,4256,4256,224,132615
3,0,3,1,100219,31430,17952,31258,9894,41561,23591,38,4256,1273,224,131649
3,0,4,0,123183,31452,24361,47439,12522,39122,45322,35,3920,3920,336,154635
3,0,4,1,119875,31457,24322,46952,9946,37799,43540,35,3920,1105,336,151332
3,0,5,0,121212,31482,24241,47328,11450,38331,44808,27,3024,3024,336,152694
3,0,5,1,118606,31465,24302,47308,8640,37184,43184,27,3024,839,336,150071
3,0,6,0,144624,31478,24507,47212,11070,38352,44564,26,2912,2912,336,176102
3,0,6,1,119726,31500,24456,47334,8515,37389,44137,26,2912,804,336,151226
3,0,7,0,98283,31419,18113,30630,6980,38433,23456,33,3696,3696,224,129702
3,0,7,1,96899,31463,18181,30605,5493,37362,23120,33,3696,687,224,128362
3,0,8,0,125000,31483,24239,47082,17911,41898,47447,47,5264,5264,336,156483
3,0,8,1,123408,31493,24290,47067,16389,41407,46464,47,5264,1615,336,154901
3,0,9,0,136795,31499,24770,48489,12662,39637,46421,31,3472,3472,336,168294
3,0,9,1,134078,31455,24242,48342,10536,38629,44606,31,3472,1112,336,165533
3,0,10,0,134054,31482,24186,49354,12244,39709,46195,25,2800,2800,336,165536
3,0,10,1,131275,31473,24146,49398,9566,38323,44905,25,2800,780,336,162748
3,0,11,0,132195,31427,18072,31412,6795,39292,23124,18,2016,2016,224,163622
3,0,11,1,106519,31449,18137,31383,5563,38265,22961,18,2016,543,224,137968
3,0,12,0,127857,31463,24473,49444,12013,39252,48003,23,2576,2576,336,159320
3,0,12,1,121953,31491,24273,49372,9387,38281,44896,23,2576,752,336,153444
3,0,13,0,124480,31464,24194,50299,12595,39836,47373,23,2576,2576,336,155944
3,0,13,1,123008,31474,24262,50301,10970,39500,46155,23,2576,867,336,154482
3,0,14,0,128265,31496,24278,51956,15450,42697,49107,28,3136,3136,336,159761
3,0,14,1,126425,31467,24368,52512,13276,42122,48163,28,3136,1075,336,157892
3,0,15,0,104082,31443,18218,34764,9999,45254,23946,22,2464,2464,224,135525
3,0,15,1,103052,31430,18227,34781,8807,44272,23762,22,2464,969,224,134482
3,0,16,0,135817,31459,24305,57679,16178,45519,52765,25,2800,2800,336,167276
3,0,16,1,135143,31488,24358,57989,15219,45239,52462,25,2800,1237,336,166631
3,0,17,0,133908,31475,24273,55441,15170,43953,51053,25,2800,2800,336,165383
3,0,17,1,167348,31460,24196,55973,13608,43138,51848,25,2800,1091,336,198808
3,0,18,0,131414,31428,24257,54623,15158,43551,50605,26,2912,2912,336,162842
3,0,18,1,129090,31433,24274,54617,13019,42547,49478,26,2912,1037,336,160523
3,0,19,0,104665,31969,18208,34488,9203,44123,23933,21,2352,2352,224,136634
3,0,19,1,104124,31419,18246,34444,8262,43359,23790,21,2352,819,224,135543
3,0,20,0,135424,31438,24267,57650,18089,46535,53597,27,3024,3024,336,166862
3,0,20,1,132345,31482,24255,57600,15276,45255,51990,27,3024,1280,336,163827
3,0,21,0,155712,31487,24305,55629,27722,50646,57142,101,11312,11312,336,187199
3,0,21,1,145242,31472,24185,55647,17514,44891,52576,101,11312,1655,336,176714
3,0,22,0,183776,31447,24400,52700,33391,52992,58818,115,12880,12880,336,215223
3,0,22,1,145896,31490,24206,52165,21376,45375,52497,115,12880,3080,336,177386
3,0,23,0,112743,31465,18037,31931,12211,44268,24125,53,5936,5936,224,144208
3,0,23,1,107536,31453,18198,31939,6753,39740,23356,53,5936,1555,224,138989
3,0,24,0,139909,31475,24204,49450,26011,45054,54732,83,9296,9296,336,171384
3,0,24,1,128177,31493,24877,50006,13119,40797,47340,83,9296,1218,336,159670
3,1,1,0,149569,31460,23987,59284,27373,45987,64773,36,4032,4032,336,181029
3,1,1,1,142061,31691,23973,59317,19855,44996,58260,36,4032,1685,336,173752
3,1,2,0,169780,31450,24208,54419,23622,50070,53396,75,8400,8400,336,201230
3,1,2,1,137038,31470,24062,54329,16031,44268,50267,75,8400,2351,336,168508
3,1,3,0,105084,31674,18142,30179,7318,38635,23239,29,3248,3248,224,136758
3,1,3,1,104550,31434,18237,30166,6584,38110,23117,29,3248,820,224,135984
3,1,4,0,114201,31478,24388,39752,7750,33666,38344,23,2576,2576,336,145679
3,1,4,1,113557,31487,24581,39734,6608,33241,37809,23,2576,803,336,145044
3,1,5,0,120823,31497,24427,46703,12194,38984,44461,20,2240,2240,336,152320
3,1,5,1,120339,31462,24367,46706,11535,38416,44311,20,2240,1020,336,151801
3,1,6,0,128724,31474,24406,54230,13057,42212,49601,18,2016,2016,336,160198
3,1,6,1,128505,31468,24414,54309,12880,42310,49413,18,2016,1099,336,159973
3,1,7,0,131130,31439,18419,36370,8182,45311,25084,12,1344,1344,224,162569
3,1,7,1,106181,31467,18948,36348,8188,45809,24098,12,1344,761,224,137648
3,1,8,0,137716,31481,24369,61337,14888,46300,54416,16,1792,1792,336,169197
3,1,8,1,136241,31460,24442,61349,14444,46394,53964,16,1792,1072,336,167701
3,1,9,0,152015,31467,24985,59367,27497,46744,65239,36,4032,4032,336,183482
3,1,9,1,144033,31436,24439,59318,19911,45184,58608,36,4032,1685,336,175469
3,1,10,0,145363,31466,24473,54359,23696,49964,52683,75,8400,8400,336,176829
3,1,10,1,137733,31493,24427,54423,16169,44501,50638,75,8400,2353,336,169226
3,1,11,0,105768,31439,18169,30137,7332,38665,23188,29,3248,3248,224,137207
3,1,11,1,105092,31454,18261,30140,6542,38081,23131,29,3248,820,224,136546
3,1,12,0,115652,31498,25605,39802,7798,34385,38959,23,2576,2576,336,147150
3,1,12,1,138808,31465,24477,39817,6664,33449,38727,23,2576,804,336,170273
3,1,13,0,121688,31473,24342,46585,12241,38974,44314,20,2240,2240,336,153161
3,1,13,1,120217,31486,24498,46549,11527,38416,44280,20,2240,1018,336,151703
3,1,14,0,128847,31481,24436,54293,13107,42259,49701,18,2016,2016,336,160328
3,1,14,1,128716,31451,24421,54746,12876,42283,49889,18,2016,1089,336,160167
3,1,15,0,104906,31440,18235,36352,8088,45043,23928,12,1344,1344,224,136346
3,1,15,1,105022,31440,18303,36285,8173,45148,23887,12,1344,761,224,136462
3,1,16,0,136601,31462,24375,61346,14916,46321,54438,16,1792,1792,336,168063
3,1,16,1,136410,31464,24524,61554,14506,46622,54098,16,1792,1072,336,167874
3,1,17,0,151575,31477,24568,59310,27401,47328,65275,36,4032,4032,336,183052
3,1,17,1,143435,31463,24463,59757,19874,45140,59085,36,4032,1685,336,174898
3,1,18,0,168949,31416,24338,54395,23668,49912,52610,75,8400,8400,336,200365
3,1,18,1,137627,31474,24421,54341,16101,44417,50567,75,8400,2351,336,169101
3,1,19,0,105863,31446,18165,30641,7364,39212,23308,29,3248,3248,224,137309
3,1,19,1,104653,31432,18223,30154,6573,38108,23078,29,3248,820,224,136085
3,1,20,0,114316,31433,24377,39704,7748,33626,38328,23,2576,2576,336,145749
3,1,20,1,112906,31496,24287,39767,6575,33129,37627,23,2576,804,336,144402
3,1,21,0,121091,31458,24500,46569,12404,39215,44385,20,2240,2240,336,152549
3,1,21,1,120269,31467,24411,46552,11543,38443,44183,20,2240,1020,336,151736
3,1,22,0,129719,31938,24418,54259,13073,42240,49628,18,2016,2016,336,161657
3,1,22,1,129466,31470,24421,54255,12935,42332,49397,18,2016,1091,336,160936
3,1,23,0,130998,31473,18160,36377,8124,45057,23981,12,1344,1344,224,162471
3,1,23,1,108157,31456,18401,36431,8192,45369,25180,12,1344,761,224,139613
3,1,24,0,159835,31477,24492,61329,34924,55205,65667,75,8400,8400,336,191312
3,1,24,1,145274,31988,24408,61794,21038,49922,57452,75,8400,2040,336,177262
4,0,1,0,121695,31480,24414,48847,11235,33566,51043,24,2688,2688,336,153175
4,0,1,1,119150,31433,24310,48735,9017,32711,49458,24,2688,756,336,150583
4,0,2,0,121865,31463,24302,48986,12717,34025,52095,41,4592,4592,336,153328
4,0,2,1,117814,31498,24321,48485,9355,32872,49400,41,4592,879,336,149312
4,0,3,0,121554,31460,15928,27739,10111,36425,25766,38,4256,4256,224,153014
4,0,3,1,98154,31463,16159,27807,9499,36289,26700,38,4256,1280,224,129617
4,0,4,0,122269,31439,24735,46232,12350,33791,49645,35,3920,3920,336,153708
4,0,4,1,120307,31518,24713,45979,9855,32532,48129,35,3920,1113,336,151825
4,0,5,0,120728,31476,24663,46516,11343,33180,49458,27,3024,3024,336,152204
4,0,5,1,118192,31469,24706,46535,8540,32141,47759,27,3024,839,336,149661
4,0,6,0,119395,31467,24717,46536,10826,33125,49071,26,2912,2912,336,150862
4,0,6,1,116943,31452,24704,46554,8416,31953,47838,26,2912,804,336,148395
4,0,7,0,95651,31458,16205,27312,6684,33246,26016,33,3696,3696,224,127109
4,0,7,1,93890,31467,16236,27301,5321,32302,25119,33,3696,687,224,125357
4,0,8,0,124191,31451,24677,46166,17572,36333,52199,47,5264,5264,336,155642
4,0,8,1,124066,31462,24862,46279,16044,36195,52245,47,5264,1621,336,155528
4,0,9,0,136301,31477,24729,47279,13239,34706,50884,33,3696,3696,336,167778
4,0,9,1,158029,31459,24655,47221,10496,33265,49225,33,3696,1115,336,189488
4,0,10,0,135184,31501,24775,49005,12089,34854,51143,25,2800,2800,336,166685
4,0,10,1,130840,31462,24689,48474,9431,33104,49613,25,2800,780,336,162302
4,0,11,0,104362,31423,16154,27993,6406,34022,25108,18,2016,2016,224,135785
4,0,11,1,103416,31421,16228,27986,5300,33103,24968,18,2016,543,224,134837
4,0,12,0,124697,31486,24828,49325,11637,34035,51890,23,2576,2576,336,156183
4,0,12,1,122590,31475,24788,49081,9397,33085,50302,23,2576,753,336,154065
4,0,13,0,126005,31456,24909,50123,12411,35669,53066,23,2576,2576,336,157461
4,0,13,1,123047,31472,24763,50081,10665,34114,51514,23,2576,867,336,154519
4,0,14,0,127454,31486,24768,51616,14762,36688,54584,27,3024,3024,336,158940
4,0,14,1,150336,31441,24776,51844,13020,36009,53757,27,3024,1066,336,181777
4,0,15,0,101134,31477,16273,30808,9434,39127,25938,22,2464,2464,224,132611
4,0,15,1,99017,31436,16243,30791,8394,38237,25751,22,2464,958,224,130453
4,0,16,0,135486,31488,24761,57135,15908,39373,58553,25,2800,2800,336,166974
4,0,16,1,134460,31426,24734,57225,14856,38825,58113,25,2800,1237,336,165886
4,0,17,0,132487,31433,24663,54938,14834,38017,56535,25,2800,2800,336,163920
4,0,17,1,131241,31462,24692,54829,13624,37254,56006,25,2800,1083,336,162703
4,0,18,0,131162,31469,24770,54162,14943,37705,56284,26,2912,2912,336,162631
4,0,18,1,130169,31447,24661,54268,12770,36750,56172,26,2912,1039,336,161616
4,0,19,0,100649,31436,16231,30562,8712,38154,25933,21,2352,2352,224,132085
4,0,19,1,99887,31432,16258,30540,7857,37475,25764,21,2352,811,224,131319
4,0,20,0,159289,31467,24699,56989,17740,40224,59326,27,3024,3024,336,190756
4,0,20,1,132722,31452,24939,57092,14874,39315,57715,27,3024,1280,336,164174
4,0,21,0,153740,31459,24743,55054,25924,44044,61798,95,10640,10640,336,185199
4,0,21,1,145852,31472,24723,55126,16945,38786,58130,95,10640,1620,336,177324
4,0,22,0,156546,31461,24942,51759,32656,44910,64572,115,12880,12880,336,188007
4,0,22,1,144461,31454,24701,51735,20988,39440,58105,115,12880,3087,336,175915
4,0,23,0,109023,31448,16122,28433,11493,38643,25981,53,5936,5936,224,140471
4,0,23,1,104150,31484,16192,28425,6471,34396,25254,53,5936,1548,224,135634
4,0,24,0,141461,31506,24810,49394,25764,39752,61469,83,9296,9296,336,172967
4,0,24,1,127075,31460,24662,49303,12920,34786,52227,83,9296,1219,336,158535
4,1,1,0,149611,31424,24410,58594,27596,39867,70844,36,4032,4032,336,181035
4,1,1,1,142810,31478,24402,58599,19830,38891,64052,36,4032,1685,336,174288
4,1,2,0,142995,31452,24523,53765,22810,43416,57818,75,8400,8400,336,174447
4,1,2,1,136038,31469,24581,54270,15721,38368,56327,75,8400,2351,336,167507
4,1,3,0,101758,31466,16259,26684,6967,33369,25210,29,3248,3248,224,133224
4,1,3,1,101159,31426,16308,26671,6330,32874,25022,29,3248,807,224,132585
4,1,4,0,115330,31483,25007,39155,7726,29240,43906,23,2576,2576,336,146813
4,1,4,1,112859,31475,24844,39298,6561,28467,42359,23,2576,802,336,144334
4,1,5,0,145918,31437,24808,46304,12139,33801,49573,20,2240,2240,336,177355
4,1,5,1,120376,31467,24877,46273,11483,33229,49526,20,2240,1024,336,151843
4,1,6,0,128462,31461,24906,53664,12922,36490,55123,18,2016,2016,336,159923
4,1,6,1,129074,31485,24836,53691,12643,36502,54785,18,2016,1091,336,160559
4,1,7,0,101089,31485,16295,32239,7628,38910,25969,12,1344,1344,224,132574
4,1,7,1,101503,31448,16353,32187,7682,38962,26180,12,1344,761,224,132951
4,1,8,0,136818,31481,25029,60566,14704,40246,60179,16,1792,1792,336,168299
4,1,8,1,135578,31408,24863,60552,14215,40065,59686,16,1792,1066,336,166986
4,1,9,0,151507,31457,24841,58685,27816,40007,71460,36,4032,4032,336,182964
4,1,9,1,144843,31483,24890,58667,19819,39076,65579,36,4032,1685,336,176326
4,1,10,0,144503,31469,24792,53858,22944,43593,58117,75,8400,8400,336,175972
4,1,10,1,161974,31443,24774,53823,15849,38590,55976,75,8400,2353,336,193417
4,1,11,0,102285,31453,16291,26624,7004,33381,25182,29,3248,3248,224,133738
4,1,11,1,101754,31452,16296,26601,6333,32824,25079,29,3248,807,224,133206
4,1,12,0,115187,31704,24777,39044,7731,28939,42739,23,2576,2576,336,146891
4,1,12,1,112961,31448,24813,39048,6559,28484,42067,23,2576,803,336,144409
4,1,13,0,120646,31445,24807,46157,12075,33732,49429,20,2240,2240,336,152091
4,1,13,1,121006,31475,24991,46216,11585,33476,49446,20,2240,1022,336,152481
4,1,14,0,128189,31444,24796,53740,12907,36498,55072,18,2016,2016,336,159633
4,1,14,1,129291,31462,24991,53831,12662,36801,55941,18,2016,1089,336,160753
4,1,15,0,100753,32002,16339,32175,7699,38957,25962,12,1344,1344,224,132755
4,1,15,1,100965,31461,16353,32237,7692,39043,25932,12,1344,761,224,132426
4,1,16,0,160608,31445,24837,60609,14630,40003,60197,16,1792,1792,336,192053
4,1,16,1,135429,31474,24893,60587,14139,40081,59659,16,1792,1066,336,166903
4,1,17,0,151520,31488,24848,58716,27499,39975,71213,36,4032,4032,336,183008
4,1,17,1,142559,31484,24895,58695,19737,39045,64410,36,4032,1685,336,174043
4,1,18,0,144146,31465,24896,53958,22928,43853,58056,75,8400,8400,336,175611
4,1,18,1,136089,31457,24806,53870,15745,38494,56044,75,8400,2351,336,167546
4,1,19,0,103267,31448,16398,26737,7009,33657,26250,29,3248,3248,224,134715
4,1,19,1,101300,31455,16297,26632,6334,32834,25094,29,3248,824,224,132755
4,1,20,0,114214,31469,24920,38989,7736,28932,42835,23,2576,2576,336,145683
4,1,20,1,112719,32012,24881,39022,6580,28462,42144,23,2576,803,336,144731
4,1,21,0,145177,31478,24885,46150,12080,33781,49456,20,2240,2240,336,176655
4,1,21,1,120321,31469,24844,46226,11562,33331,49426,20,2240,1024,336,151790
4,1,22,0,129427,31458,24823,53734,12888,36459,55107,18,2016,2016,336,160885
4,1,22,1,129449,31468,24961,53762,12721,36719,54855,18,2016,1091,336,160917
4,1,23,0,102564,31443,16372,32171,7709,38962,26002,12,1344,1344,224,134007
4,1,23,1,103686,31926,16361,32196,7732,39001,25999,12,1344,761,224,135612
4,1,24,0,157517,31439,24816,60535,34106,48073,71501,75,8400,8400,336,188956
4,1,24,1,144778,31414,24784,60522,20278,43303,63511,75,8400,2034,336,176192
5,0,1,0,147922,31476,24969,50313,11109,32912,53590,24,2688,2688,336,179398
5,0,1,1,121255,31458,24887,50357,9010,32326,52034,24,2688,757,336,152713
5,0,2,0,123593,31439,24847,50333,12620,33681,54232,41,4592,4592,336,155032
5,0,2,1,120589,31444,24963,50349,9300,32565,52163,41,4592,879,336,152033
5,0,3,0,100410,31448,17744,30411,9950,36152,29180,38,4256,4256,224,131858
5,0,3,1,100850,31979,17740,30401,9298,35729,29008,38,4256,1280,224,132829
5,0,4,0,125197,31497,25392,47946,13028,33549,52936,37,4144,4144,336,156694
5,0,4,1,121796,31488,25364,47960,9757,32339,50860,37,4144,1114,336,153284
5,0,5,0,123135,31436,25341,48317,11192,32809,52158,27,3024,3024,336,154571
5,0,5,1,122329,31466,25450,48718,8617,32399,51626,27,3024,839,336,153795
5,0,6,0,122071,31475,25349,48230,11166,32702,52165,27,3024,3024,336,153546
5,0,6,1,119175,31451,25370,48239,8316,31569,50472,27,3024,804,336,150626
5,0,7,0,98192,31480,18003,29849,6593,32942,28938,33,3696,3696,224,129672
5,0,7,1,121390,31444,17950,29866,5300,32012,28586,33,3696,687,224,152834
5,0,8,0,126951,31479,25290,48028,17811,36416,54829,49,5488,5488,336,158430
5,0,8,1,127002,31460,25461,48516,16225,36458,53877,49,5488,1699,336,158462
5,0,9,0,138481,31458,25166,49252,13202,34432,53303,33,3696,3696,336,169939
5,0,9,1,135913,31443,25298,49194,10434,33125,51921,33,3696,1108,336,167356
5,0,10,0,137114,31688,25290,50393,11969,33994,54910,25,2800,2800,336,168802
5,0,10,1,133184,31461,25264,50386,9399,32828,52339,25,2800,780,336,164645
5,0,11,0,107348,31475,17945,30548,6245,33549,28653,18,2016,2016,224,138823
5,0,11,1,107235,31472,18121,31070,5235,32904,29000,18,2016,543,224,138707
5,0,12,0,126307,31457,25331,50567,11524,33194,54348,23,2576,2576,336,157764
5,0,12,1,148557,31428,25314,50600,9346,32584,52805,23,2576,752,336,179985
5,0,13,0,127764,31489,25892,51551,12304,34112,55775,23,2576,2576,336,159253
5,0,13,1,125048,31483,25408,51463,10644,33670,53971,23,2576,867,336,156531
5,0,14,0,130311,31480,25362,52947,14631,36075,56988,27,3024,3024,336,161791
5,0,14,1,127558,31504,25347,53005,12886,35521,55850,27,3024,1068,336,159062
5,0,15,0,104922,31432,18165,33937,9335,39154,30831,22,2464,2464,224,136354
5,0,15,1,102345,31448,18050,33636,8200,38016,29334,22,2464,958,224,133793
5,0,16,0,137400,32005,25394,58563,15815,39156,60741,25,2800,2800,336,169405
5,0,16,1,136473,31476,25421,58662,14756,38733,60237,25,2800,1237,336,167949
5,0,17,0,134357,31457,25301,56414,14717,37542,59004,25,2800,2800,336,165814
5,0,17,1,132974,31466,25367,56415,13136,36848,58195,25,2800,1081,336,164440
5,0,18,0,157822,31479,25632,55608,14721,37135,58951,26,2912,2912,336,189301
5,0,18,1,131417,31469,25359,56159,12671,36293,58022,26,2912,1038,336,162886
5,0,19,0,104805,31492,17959,33267,8486,37714,29467,21,2352,2352,224,136297
5,0,19,1,103007,31466,17989,33243,7610,37014,29291,21,2352,809,224,134473
5,0,20,0,136784,31481,25386,58472,17556,39932,61605,27,3024,3024,336,168265
5,0,20,1,135640,31451,25790,58576,14787,40256,60172,27,3024,1280,336,167091
5,0,21,0,155373,31464,25301,56550,25713,43553,64131,95,10640,10640,336,186837
5,0,21,1,147412,31441,25334,56585,17355,38575,60832,95,10640,1625,336,178853
5,0,22,0,157505,31475,25363,52988,31996,43758,66710,115,12880,12880,336,188980
5,0,22,1,145908,31460,25297,52997,20631,38691,60355,115,12880,3087,336,177368
5,0,23,0,112471,31450,18438,30898,11183,38316,29772,53,5936,5936,224,143921
5,0,23,1,131889,31422,17935,30867,6413,33841,28814,53,5936,1555,224,163311
5,0,24,0,141292,31457,25346,50637,25038,38114,63027,82,9184,9184,336,172749
5,0,24,1,129742,31501,25327,50657,12601,34033,54675,82,9184,1206,336,161243
5,1,1,0,151884,31476,25036,60438,27500,39732,73368,36,4032,4032,336,183360
5,1,1,1,144939,31474,25220,60982,19687,39069,66955,36,4032,1695,336,176413
5,1,2,0,144128,31462,25182,55058,22300,42636,60019,75,8400,8400,336,175590
5,1,2,1,137534,31469,25277,55134,15679,38083,58126,75,8400,2351,336,169003
5,1,3,0,104703,31429,17995,29074,6879,32797,28645,29,3248,3248,224,136132
5,1,3,1,128499,31472,18024,29055,6256,32352,28456,29,3248,803,224,159971
5,1,4,0,116122,31488,25418,40649,7743,28537,45392,23,2576,2576,336,147610
5,1,4,1,115936,31440,25417,40641,6586,28051,44714,23,2576,801,336,147376
5,1,5,0,123947,31458,25615,47616,12023,34341,52192,20,2240,2240,336,155405
5,1,5,1,122112,31687,25470,47564,11445,32759,51842,20,2240,1020,336,153799
5,1,6,0,131314,31423,25627,55221,12811,36382,57407,18,2016,2016,336,162737
5,1,6,1,130019,31481,25497,55111,12516,36186,57059,18,2016,1091,336,161500
5,1,7,0,104643,31449,18090,35225,7475,38879,29583,12,1344,1344,224,136092
5,1,7,1,104862,31444,18110,35243,7530,38969,29588,12,1344,761,224,136306
5,1,8,0,138145,31442,25479,62120,14486,39838,62366,16,1792,1792,336,169587
5,1,8,1,162422,31469,25493,62508,14071,39916,62289,16,1792,1066,336,193891
5,1,9,0,154749,31485,25447,60456,27602,39889,73739,36,4032,4032,336,186234
5,1,9,1,146055,31466,25506,60409,19822,39026,66834,36,4032,1695,336,177521
5,1,10,0,146264,31445,25395,55502,22405,42888,60540,75,8400,8400,336,177709
5,1,10,1,140297,31477,25621,55248,15577,39177,58504,75,8400,2353,336,171774
5,1,11,0,105221,31435,18032,29037,6880,32783,28675,29,3248,3248,224,136656
5,1,11,1,104883,31444,18086,29054,6218,32333,28552,29,3248,803,224,136327
5,1,12,0,116204,31471,25450,40628,7691,28496,45395,23,2576,2576,336,147675
5,1,12,1,114909,31454,25504,40611,6538,28033,44741,23,2576,802,336,146363
5,1,13,0,148136,31461,25590,48466,12066,33374,52886,20,2240,2240,336,179597
5,1,13,1,122074,31463,25518,47473,11385,32701,51795,20,2240,1020,336,153537
5,1,14,0,130217,31481,25447,55193,12828,36178,57412,18,2016,2016,336,161698
5,1,14,1,129817,31471,25531,55174,12526,36197,57151,18,2016,1091,336,161288
5,1,15,0,104704,31481,18089,35251,7496,38927,29587,12,1344,1344,224,136185
5,1,15,1,105613,31473,18112,35241,7515,39014,29490,12,1344,761,224,137086
5,1,16,0,140057,31485,25671,62602,14560,40095,64006,16,1792,1792,336,171542
5,1,16,1,137434,31468,25503,62162,13905,39869,61825,16,1792,1066,336,168902
5,1,17,0,152541,31483,25462,60463,27509,39879,73677,36,4032,4032,336,184024
5,1,17,1,144921,31484,25494,60444,19683,39012,66733,36,4032,1695,336,176405
5,1,18,0,144797,31478,25505,55104,22375,42826,60285,75,8400,8400,336,176275
5,1,18,1,163068,31465,26040,55278,15509,38643,58315,75,8400,2351,336,194533
5,1,19,0,104781,31459,18007,29082,6897,32831,28653,29,3248,3248,224,136240
5,1,19,1,104274,31438,18075,29070,6229,32350,28490,29,3248,820,224,135712
5,1,20,0,117268,31494,25436,40633,7710,28530,45368,23,2576,2576,336,148762
5,1,20,1,115055,31491,25493,40638,6574,28075,44762,23,2576,802,336,146546
5,1,21,0,122511,31494,25492,47486,11928,33168,51862,20,2240,2240,336,154005
5,1,21,1,124167,31457,25673,48026,11434,32972,53429,20,2240,1022,336,155624
5,1,22,0,131345,31451,25540,55103,12775,36140,57401,18,2016,2016,336,162796
5,1,22,1,131015,31468,25445,55181,12594,36216,57123,18,2016,1091,336,162483
5,1,23,0,105958,31430,18016,35265,7514,38898,29527,12,1344,1344,224,137388
5,1,23,1,106503,31434,18054,35277,7538,38957,29605,12,1344,761,224,137937
5,1,24,0,182457,31455,25458,62099,32154,45945,73896,71,7952,7952,336,213912
5,1,24,1,144891,31495,25507,62054,19460,42354,64787,71,7952,1938,336,176386
6,0,1,0,125831,31471,26291,51328,11216,39605,49335,24,2688,2688,336,157302
6,0,1,1,125864,31485,27049,51490,9052,39876,48995,24,2688,757,336,157349
6,0,2,0,126013,31467,26209,51261,12667,40254,49997,41,4592,4592,336,157480
6,0,2,1,122588,31489,26243,51286,9355,39098,47899,41,4592,879,336,154077
6,0,3,0,102562,31948,18983,31222,10059,42550,25010,38,4256,4256,224,134510
6,0,3,1,102016,31454,19036,31218,9395,42117,24836,38,4256,1270,224,133470
6,0,4,0,152069,31471,26634,48828,13182,40007,48757,37,4144,4144,336,183540
6,0,4,1,124061,31472,26691,48839,9833,38745,46735,37,4144,1114,336,155533
6,0,5,0,126806,31493,26813,49294,11348,39420,48158,27,3024,3024,336,158299
6,0,5,1,122820,31467,26560,49237,8644,38308,46251,27,3024,839,336,154287
6,0,6,0,125684,31935,26646,49263,11239,39290,49094,27,3024,3024,336,157619
6,0,6,1,121609,31472,26586,49254,8441,38190,46214,27,3024,804,336,153081
6,0,7,0,100525,31412,19293,30786,6666,39420,24737,33,3696,3696,224,131937
6,0,7,1,99314,31455,19309,30798,5299,38450,24420,33,3696,687,224,130769
6,0,8,0,129229,31474,26642,48926,17835,42756,50772,47,5264,5264,336,160703
6,0,8,1,127217,31470,26622,48905,16041,42108,49577,47,5264,1619,336,158687
6,0,9,0,165319,31477,26568,49976,13261,40824,49098,33,3696,3696,336,196796
6,0,9,1,138555,31469,26588,49930,10514,39416,47737,33,3696,1108,336,170024
6,0,10,0,138279,31450,26622,51303,12024,40555,49516,25,2800,2800,336,169729
6,0,10,1,135908,31452,26743,51333,9405,39434,48171,25,2800,780,336,167360
6,0,11,0,111452,31435,19407,31696,6435,40538,25508,18,2016,2016,224,142887
6,0,11,1,109926,31461,19252,31591,5313,39349,24245,18,2016,543,224,141387
6,0,12,0,128976,31491,26706,51838,11561,40062,50164,23,2576,2576,336,160467
6,0,12,1,126710,31455,26599,51888,9357,39404,48563,23,2576,752,336,158165
6,0,13,0,129182,31924,26665,52711,12377,40795,51077,23,2576,2576,336,161106
6,0,13,1,128032,31469,26712,52985,10772,40752,49849,23,2576,867,336,159501
6,0,14,0,132428,31488,26630,54184,14735,42946,52725,27,3024,3024,336,163916
6,0,14,1,130019,31450,26660,54192,12957,42270,51661,27,3024,1068,336,161469
6,0,15,0,105974,31485,19296,34648,9399,45608,25227,22,2464,2464,224,137459
6,0,15,1,128985,31445,19271,34608,8379,44698,25007,22,2464,952,224,160430
6,0,16,0,139882,31458,26595,59619,15978,45912,56401,25,2800,2800,336,171340
6,0,16,1,142118,31489,27011,60059,15151,46779,56743,25,2800,1224,336,173607
6,0,17,0,137144,31452,26587,57619,14905,44544,54684,25,2800,2800,336,168596
6,0,17,1,135696,31491,26627,57580,13354,43767,53926,25,2800,1081,336,167187
6,0,18,0,136210,31419,26712,57164,14975,44453,54523,26,2912,2912,336,167629
6,0,18,1,133619,31433,26701,56892,12825,43272,53257,26,2912,1038,336,165052
6,0,19,0,106456,31432,19259,34408,8741,44684,25131,21,2352,2352,224,137888
6,0,19,1,105713,31462,19306,34447,7771,43988,24996,21,2352,809,224,137175
6,0,20,0,139376,31458,26645,59503,17854,46765,57356,27,3024,3024,336,170834
6,0,20,1,161146,31462,26576,59740,15084,45648,55878,27,3024,1280,336,192608
6,0,21,0,160666,31486,26756,57647,26073,51670,60090,95,10640,10640,336,192152
6,0,21,1,149215,31464,26597,57604,17070,45267,56121,95,10640,1608,336,180679
6,0,22,0,160761,31473,26639,54255,32710,51204,62525,115,12880,12880,336,192234
6,0,22,1,148772,31463,26623,54141,20991,45769,56106,115,12880,3087,336,180235
6,0,23,0,114741,31913,19247,32103,11552,44957,25379,53,5936,5936,224,146654
6,0,23,1,109920,31429,19316,32137,6489,40773,24584,53,5936,1555,224,141349
6,0,24,0,144713,31442,26685,51957,25747,45753,58753,83,9296,9296,336,176155
6,0,24,1,131511,31487,26571,51951,12855,41178,50316,83,9296,1218,336,162998
6,1,1,0,156889,31482,26423,61431,27824,46707,70211,36,4032,4032,336,188371
6,1,1,1,147261,31458,27040,61353,19916,46051,62382,36,4032,1695,336,178719
6,1,2,0,147146,31482,26530,56160,22911,49796,55917,75,8400,8400,336,178628
6,1,2,1,140328,31491,26614,56491,15731,45038,53918,75,8400,2351,336,171819
6,1,3,0,107917,31463,19977,30305,6978,39733,25071,29,3248,3248,224,139380
6,1,3,1,106700,31441,19338,30273,6285,39025,24361,29,3248,803,224,138141
6,1,4,0,118315,31493,26780,41501,7738,34799,41342,23,2576,2576,336,149808
6,1,4,1,117095,31433,26828,41524,6520,34381,40613,23,2576,801,336,148528
6,1,5,0,149678,31453,26748,48682,12154,39968,47737,20,2240,2240,336,181131
6,1,5,1,124704,31730,26847,48671,11547,39469,47715,20,2240,1020,336,156434
6,1,6,0,133801,31448,27500,56265,12964,43620,53245,18,2016,2016,336,165249
6,1,6,1,133987,31441,26963,56238,12746,44126,53096,18,2016,1091,336,165428
6,1,7,0,107128,31444,19475,36067,7680,45536,25358,12,1344,1344,224,138572
6,1,7,1,108232,31485,19406,36074,7743,45532,25319,12,1344,761,224,139717
6,1,8,0,140697,31470,26862,63088,14731,46614,58190,16,1792,1792,336,172167
6,1,8,1,140773,31475,26930,63270,14652,47040,57949,16,1792,1066,336,172248
6,1,9,0,156080,31476,26814,61241,27900,46569,69508,36,4032,4032,336,187556
6,1,9,1,148388,31485,26779,61329,19973,45620,62583,36,4032,1695,336,179873
6,1,10,0,149318,31452,26879,56277,23215,50226,56278,75,8400,8400,336,180770
6,1,10,1,166315,31453,26792,56259,15858,44958,54076,75,8400,2353,336,197768
6,1,11,0,109272,31469,19486,30272,7053,39836,25591,29,3248,3248,224,140741
6,1,11,1,107350,31441,19330,30242,6311,39041,24328,29,3248,803,224,138791
6,1,12,0,119582,31482,26814,41531,7716,34818,41366,23,2576,2576,336,151064
6,1,12,1,117339,31700,26765,41539,6533,34350,40609,23,2576,802,336,149039
6,1,13,0,125896,31444,26931,49234,12088,40560,47823,20,2240,2240,336,157340
6,1,13,1,124744,31452,26864,48696,11466,39475,47671,20,2240,1020,336,156196
6,1,14,0,132734,31486,26829,56226,12947,42911,53217,18,2016,2016,336,164220
6,1,14,1,132337,31467,26817,56237,12708,42948,52936,18,2016,1091,336,163804
6,1,15,0,106659,31479,19352,36090,7648,45484,25256,12,1344,1344,224,138138
6,1,15,1,106796,31676,19416,36093,7691,45573,25284,12,1344,761,224,138472
6,1,16,0,165786,31479,26961,63131,15232,47084,58373,16,1792,1792,336,197265
6,1,16,1,141202,31463,26713,63232,14265,46684,58752,16,1792,1066,336,172665
6,1,17,0,156285,31479,26681,61575,27794,46537,69643,36,4032,4032,336,187764
6,1,17,1,147298,31461,26808,61319,19879,45584,62548,36,4032,1695,336,178759
6,1,18,0,147821,31479,26806,56262,22962,49957,56194,75,8400,8400,336,179300
6,1,18,1,141064,31496,26728,56289,15769,44885,54020,75,8400,2332,336,172560
6,1,19,0,107292,31466,19350,30262,6909,39544,24544,29,3248,3248,224,138758
6,1,19,1,106839,31469,19394,30233,6313,39050,24441,29,3248,803,224,138308
6,1,20,0,118628,31495,26737,41771,7757,34820,41566,23,2576,2576,336,150123
6,1,20,1,117126,31480,26717,41558,6532,34336,40592,23,2576,802,336,148606
6,1,21,0,126316,31483,26715,48677,12134,39962,48812,20,2240,2240,336,157799
6,1,21,1,150005,31490,27451,48666,11597,40161,47682,20,2240,1022,336,181495
6,1,22,0,133834,31493,26792,56198,12965,42879,53197,18,2016,2016,336,165327
6,1,22,1,133733,31471,26743,56225,12948,42943,53092,18,2016,1091,336,165204
6,1,23,0,109138,31446,19391,36653,7791,46126,25459,12,1344,1344,224,140584
6,1,23,1,109507,31468,19402,36069,7750,45544,25355,12,1344,761,224,140975
6,1,24,0,162204,31485,26785,63098,34327,54644,69683,75,8400,8400,336,193689
6,1,24,1,148287,31461,26781,63093,20473,49926,60540,75,8400,2034,336,179748
7,0,1,0,120546,31457,24201,46943,11263,37080,46629,24,2688,2688,336,152003
7,0,1,1,141507,31432,24115,46815,9102,35300,44839,24,2688,756,336,172939
7,0,2,0,119375,31423,24022,46844,12589,36506,47065,41,4592,4592,336,150798
7,0,2,1,116255,31452,24211,46847,9399,35371,45195,41,4592,879,336,147707
7,0,3,0,99235,31466,17398,29756,10146,39557,24631,38,4256,4256,224,130701
7,0,3,1,98901,31484,17356,29213,9482,38530,24233,38,4256,1270,224,130385
7,0,4,0,121088,31478,24411,44775,13068,36387,45993,37,4144,4144,336,152566
7,0,4,1,117697,31475,24490,44754,9754,35092,44027,37,4144,1118,336,149172
7,0,5,0,119276,31477,24414,45115,11205,35689,45162,27,3024,3024,336,150753
7,0,5,1,116477,31446,24438,45138,8519,34641,43572,27,3024,839,336,147923
7,0,6,0,117442,31961,24370,44912,10795,35640,44556,26,2912,2912,336,149403
7,0,6,1,139415,31450,24440,44930,8407,34497,43400,26,2912,804,336,170865
7,0,7,0,96291,31444,17587,28833,6645,35799,24164,33,3696,3696,224,127735
7,0,7,1,96482,31447,17831,28863,5359,35098,24947,33,3696,687,224,127929
7,0,8,0,122843,31477,24468,45087,17477,39200,47957,47,5264,5264,336,154320
7,0,8,1,121970,31447,24462,44801,15900,38487,46795,47,5264,1621,336,153417
7,0,9,0,134179,31473,24405,45733,13198,37183,46274,33,3696,3696,336,165652
7,0,9,1,132123,31483,24463,45796,10422,35840,44965,33,3696,1107,336,163606
7,0,10,0,131612,31457,24395,46907,11940,36827,46531,25,2800,2800,336,163069
7,0,10,1,129208,31467,24692,46918,9447,35620,45562,25,2800,780,336,160675
7,0,11,0,106391,31448,18287,29531,6453,37279,24012,18,2016,2016,224,137839
7,0,11,1,104585,31468,17631,29540,5284,35619,23734,18,2016,543,224,136053
7,0,12,0,146721,31446,24446,47166,11578,36254,47055,23,2576,2576,336,178167
7,0,12,1,121231,31469,24578,47268,9422,35909,46636,23,2576,753,336,152700
7,0,13,0,122255,31483,24380,48050,12419,37025,47951,23,2576,2576,336,153738
7,0,13,1,120722,31698,24500,48007,10727,36689,46667,23,2576,867,336,152420
7,0,14,0,126830,31483,24654,49817,14917,39695,49822,27,3024,3024,336,158313
7,0,14,1,123172,31475,24499,49368,13004,38501,48500,27,3024,1068,336,154647
7,0,15,0,101272,31446,17629,32353,9476,41749,24648,22,2464,2464,224,132718
7,0,15,1,100311,31455,17702,32327,8364,40820,24499,22,2464,958,224,131766
7,0,16,0,132760,31462,24457,54414,15872,41876,52988,25,2800,2800,336,164222
7,0,16,1,131316,31496,24461,54412,14900,41398,52496,25,2800,1224,336,162812
7,0,17,0,154417,31425,24369,52478,14961,40634,51297,25,2800,2800,336,185842
7,0,17,1,128327,31453,24456,52421,13309,39833,50470,25,2800,1083,336,159780
7,0,18,0,129933,31467,24572,51962,14895,40525,52164,26,2912,2912,336,161400
7,0,18,1,126506,31450,24436,51851,12734,39273,49863,26,2912,1039,336,157956
7,0,19,0,102981,31478,17665,32077,8732,40736,24625,21,2352,2352,224,134459
7,0,19,1,101092,31478,17667,32085,7795,39989,24452,21,2352,811,224,132570
7,0,20,0,131839,31466,24504,54222,17761,42747,53860,27,3024,3024,336,163305
7,0,20,1,128851,31486,24449,54250,14916,41605,52139,27,3024,1280,336,160337
7,0,21,0,151678,31448,24335,52638,26842,46681,57258,97,10864,10864,336,183126
7,0,21,1,142465,31454,24539,52687,17050,41567,52853,97,10864,1634,336,173919
7,0,22,0,153695,31445,24467,49445,32610,47465,59182,115,12880,12880,336,185140
7,0,22,1,166593,31435,24382,49475,20914,42058,52838,115,12880,3087,336,198028
7,0,23,0,110379,31442,17615,29966,11541,41173,24841,53,5936,5936,224,141821
7,0,23,1,106892,31449,17785,29996,6582,37219,25180,53,5936,1548,224,138341
7,0,24,0,137562,32024,24483,47241,25655,41983,55525,83,9296,9296,336,169586
7,0,24,1,125624,31468,24487,47242,12609,37259,47199,83,9296,1219,336,157092
7,1,1,0,147915,31448,24288,57020,27606,42653,66396,36,4032,4032,336,179363
7,1,1,1,138788,31463,24138,55972,19702,41423,58503,36,4032,1695,336,170251
7,1,2,0,140013,31470,24307,51311,22805,45919,52615,75,8400,8400,336,171483
7,1,2,1,157256,31477,24233,51349,15658,40856,50499,75,8400,2351,336,188733
7,1,3,0,102933,31463,17702,28135,7031,35842,24013,29,3248,3248,224,134396
7,1,3,1,103785,31676,17873,28256,6350,35589,24945,29,3248,807,224,135461
7,1,4,0,112982,31497,24460,37951,7630,31362,38800,23,2576,2576,336,144479
7,1,4,1,111175,31475,24469,37981,6534,30925,38204,23,2576,801,336,142650
7,1,5,0,118829,31480,24618,44391,12241,36297,45074,20,2240,2240,336,150309
7,1,5,1,119326,31487,24634,44384,11533,35734,44937,20,2240,1024,336,150813
7,1,6,0,126131,31484,24719,51547,12842,39072,50165,18,2016,2016,336,157615
7,1,6,1,125294,31463,24611,51284,12576,38970,49621,18,2016,1091,336,156757
7,1,7,0,102479,31450,17732,33765,7696,41532,24807,12,1344,1344,224,133929
7,1,7,1,102687,31464,17776,33795,7710,41608,24769,12,1344,761,224,134151
7,1,8,0,157389,31489,24555,57812,14653,42584,54561,16,1792,1792,336,188878
7,1,8,1,134198,31462,24801,58105,14211,43109,55315,16,1792,1066,336,165660
7,1,9,0,148861,31475,24532,56042,27634,42627,65707,36,4032,4032,336,180336
7,1,9,1,140736,31444,24603,56041,19784,41693,58858,36,4032,1695,336,172180
7,1,10,0,141868,31456,24608,51444,22884,46143,52914,75,8400,8400,336,173324
7,1,10,1,135647,31479,24547,51433,15803,41053,50848,75,8400,2353,336,167126
7,1,11,0,103503,31470,17630,28137,6969,35797,23922,29,3248,3248,224,134973
7,1,11,1,103309,31471,17682,28111,6337,35307,23804,29,3248,807,224,134780
7,1,12,0,113197,31477,24620,37933,7696,31393,38979,23,2576,2576,336,144674
7,1,12,1,111352,31471,24618,37879,6514,30875,38255,23,2576,802,336,142823
7,1,13,0,144490,31445,24746,44259,12272,37433,45142,20,2240,2240,336,175935
7,1,13,1,118081,31464,24603,44200,11579,35722,44778,20,2240,1022,336,149545
7,1,14,0,125534,31436,24640,51247,12875,38968,49914,18,2016,2016,336,156970
7,1,14,1,125961,31470,24750,51890,12597,39615,49753,18,2016,1091,336,157431
7,1,15,0,102116,31449,17704,33757,7703,41515,24795,12,1344,1344,224,133565
7,1,15,1,102302,31460,17800,33734,7720,41635,24717,12,1344,761,224,133762
7,1,16,0,134091,31479,24600,57796,14643,42551,54615,16,1792,1792,336,165570
7,1,16,1,132580,31449,24621,57787,14172,42668,54062,16,1792,1066,336,164029
7,1,17,0,147195,31496,24546,56052,27520,42560,65682,36,4032,4032,336,178691
7,1,17,1,140162,31469,24597,56547,19795,41663,59403,36,4032,1695,336,171631
7,1,18,0,140687,31436,24594,51451,22828,46103,52891,75,8400,8400,336,172123
7,1,18,1,134648,31649,24526,51462,15705,41020,51917,75,8400,2332,336,166297
7,1,19,0,103583,31427,17685,28106,7061,35859,24404,29,3248,3248,224,135010
7,1,19,1,127015,31457,17681,28132,6314,35301,23822,29,3248,807,224,158472
7,1,20,0,112529,31489,24558,37932,7688,31412,38885,23,2576,2576,336,144018
7,1,20,1,111186,31472,24567,37936,6517,30894,38246,23,2576,802,336,142658
7,1,21,0,120006,31473,24836,44326,12108,36288,45110,20,2240,2240,336,151479
7,1,21,1,118133,31473,24624,44292,11510,35711,44839,20,2240,1024,336,149606
7,1,22,0,126756,31456,24679,51292,12854,38985,49960,18,2016,2016,336,158212
7,1,22,1,126440,31456,24657,51297,12622,39028,49667,18,2016,1091,336,157896
7,1,23,0,103823,31450,17734,33757,7720,41537,24821,12,1344,1344,224,135273
7,1,23,1,103947,31425,17780,33741,7786,41614,24760,12,1344,761,224,135372
7,1,24,0,156282,31442,24742,58053,34273,52106,66274,75,8400,8400,336,187724
7,1,24,1,165278,31448,24495,57841,20358,45920,56904,75,8400,2034,336,196726
